Date;Close
10.12.2009 00:00;28,25
11.12.2009 00:00;27,91
14.12.2009 00:00;27,98
15.12.2009 00:00;27,87
16.12.2009 00:00;27,75
17.12.2009 00:00;27,59
18.12.2009 00:00;28,01
21.12.2009 00:00;28,49
22.12.2009 00:00;28,75
23.12.2009 00:00;29,08
24.12.2009 00:00;30,24
28.12.2009 00:00;30,37
29.12.2009 00:00;29,83
30.12.2009 00:00;30,45
31.12.2009 00:00;30,49
04.01.2010 00:00;30,66
05.01.2010 00:00;30,62
06.01.2010 00:00;30,25
07.01.2010 00:00;30,04
08.01.2010 00:00;30,4
11.01.2010 00:00;29,88
12.01.2010 00:00;29,7
13.01.2010 00:00;30,02
14.01.2010 00:00;30,13
15.01.2010 00:00;29,76
19.01.2010 00:00;30,7
20.01.2010 00:00;30,3
21.01.2010 00:00;29,54
22.01.2010 00:00;28,93
25.01.2010 00:00;29,42
26.01.2010 00:00;29,55
27.01.2010 00:00;29,28
28.01.2010 00:00;28,73
29.01.2010 00:00;27,48
01.02.2010 00:00;27,99
02.02.2010 00:00;27,88
03.02.2010 00:00;28,1
04.02.2010 00:00;27,52
05.02.2010 00:00;27,95
08.02.2010 00:00;28,06
09.02.2010 00:00;27,98
10.02.2010 00:00;27,84
11.02.2010 00:00;28,3
12.02.2010 00:00;28,85
16.02.2010 00:00;29,17
17.02.2010 00:00;28,8
18.02.2010 00:00;28,84
19.02.2010 00:00;28,91
22.02.2010 00:00;28,57
23.02.2010 00:00;28,32
24.02.2010 00:00;28,2
25.02.2010 00:00;28,91
26.02.2010 00:00;29,39
01.03.2010 00:00;29,99
02.03.2010 00:00;29,85
03.03.2010 00:00;29,9
04.03.2010 00:00;30,7
05.03.2010 00:00;31,43
08.03.2010 00:00;31,19
09.03.2010 00:00;31,97
10.03.2010 00:00;31,99
11.03.2010 00:00;32,48
12.03.2010 00:00;32,2
15.03.2010 00:00;32,03
16.03.2010 00:00;32,13
17.03.2010 00:00;32,01
18.03.2010 00:00;32,11
19.03.2010 00:00;31,49
22.03.2010 00:00;32,23
23.03.2010 00:00;32,52
24.03.2010 00:00;32,99
25.03.2010 00:00;32,71
26.03.2010 00:00;33,29
29.03.2010 00:00;33,8
30.03.2010 00:00;33,64
31.03.2010 00:00;33,93
01.04.2010 00:00;33,57
05.04.2010 00:00;34,03
06.04.2010 00:00;34,24
07.04.2010 00:00;34,35
08.04.2010 00:00;34,49
09.04.2010 00:00;34,6
12.04.2010 00:00;34,55
13.04.2010 00:00;35,04
14.04.2010 00:00;35,11
15.04.2010 00:00;35,51
16.04.2010 00:00;35,29
19.04.2010 00:00;35,5
20.04.2010 00:00;36,97
21.04.2010 00:00;36,89
22.04.2010 00:00;38,28
23.04.2010 00:00;38,84
26.04.2010 00:00;38,18
27.04.2010 00:00;37,61
28.04.2010 00:00;37,57
29.04.2010 00:00;38,47
30.04.2010 00:00;37,69
03.05.2010 00:00;37,55
04.05.2010 00:00;36,15
05.05.2010 00:00;36,26
06.05.2010 00:00;34,82
07.05.2010 00:00;35,75
10.05.2010 00:00;35,98
11.05.2010 00:00;37,03
12.05.2010 00:00;37,6
13.05.2010 00:00;36,45
14.05.2010 00:00;36,38
17.05.2010 00:00;36,71
18.05.2010 00:00;35,64
19.05.2010 00:00;34,55
20.05.2010 00:00;33,26
21.05.2010 00:00;35,33
24.05.2010 00:00;34,19
25.05.2010 00:00;35,73
26.05.2010 00:00;35,8
27.05.2010 00:00;37,05
28.05.2010 00:00;37,1
01.06.2010 00:00;37,79
02.06.2010 00:00;37,88
03.06.2010 00:00;36,89
04.06.2010 00:00;36,9
07.06.2010 00:00;36,18
08.06.2010 00:00;35,92
09.06.2010 00:00;34,98
10.06.2010 00:00;35,46
11.06.2010 00:00;36,57
14.06.2010 00:00;36,52
15.06.2010 00:00;37,3
16.06.2010 00:00;38,66
17.06.2010 00:00;38,89
18.06.2010 00:00;39,67
21.06.2010 00:00;38,88
22.06.2010 00:00;39,22
23.06.2010 00:00;38,71
24.06.2010 00:00;38,58
25.06.2010 00:00;38,13
28.06.2010 00:00;37,73
29.06.2010 00:00;36,67
30.06.2010 00:00;36,33
01.07.2010 00:00;35,78
02.07.2010 00:00;35,86
06.07.2010 00:00;35,78
07.07.2010 00:00;37,5
08.07.2010 00:00;36,7
09.07.2010 00:00;36,93
12.07.2010 00:00;36,62
13.07.2010 00:00;35,62
14.07.2010 00:00;35,46
15.07.2010 00:00;36,17
16.07.2010 00:00;35,7
19.07.2010 00:00;34,7
20.07.2010 00:00;37,87
21.07.2010 00:00;36,81
22.07.2010 00:00;36,73
23.07.2010 00:00;37,14
26.07.2010 00:00;37,27
27.07.2010 00:00;37,67
28.07.2010 00:00;37,24
29.07.2010 00:00;36,56
30.07.2010 00:00;37,2
02.08.2010 00:00;37,29
03.08.2010 00:00;37,55
04.08.2010 00:00;37,39
05.08.2010 00:00;37,11
06.08.2010 00:00;37,35
09.08.2010 00:00;37,12
10.08.2010 00:00;36,49
11.08.2010 00:00;35,24
12.08.2010 00:00;35,95
13.08.2010 00:00;35,37
16.08.2010 00:00;35,73
17.08.2010 00:00;36,05
18.08.2010 00:00;36,12
19.08.2010 00:00;35,63
20.08.2010 00:00;35,97
23.08.2010 00:00;34,67
24.08.2010 00:00;34
25.08.2010 00:00;35,06
26.08.2010 00:00;34,54
27.08.2010 00:00;34,39
30.08.2010 00:00;34,55
31.08.2010 00:00;35,35
01.09.2010 00:00;35,89
02.09.2010 00:00;36,44
03.09.2010 00:00;36,66
07.09.2010 00:00;37,11
08.09.2010 00:00;37,86
09.09.2010 00:00;37,6
10.09.2010 00:00;37,97
13.09.2010 00:00;38,03
14.09.2010 00:00;38,31
15.09.2010 00:00;38,61
16.09.2010 00:00;39,67
17.09.2010 00:00;39,44
20.09.2010 00:00;40,55
21.09.2010 00:00;40,39
22.09.2010 00:00;40,9
23.09.2010 00:00;41,73
24.09.2010 00:00;42
27.09.2010 00:00;41,68
28.09.2010 00:00;41,03
29.09.2010 00:00;41,29
30.09.2010 00:00;40,88
01.10.2010 00:00;40,23
04.10.2010 00:00;40,29
05.10.2010 00:00;41,37
06.10.2010 00:00;41,48
07.10.2010 00:00;41,67
08.10.2010 00:00;42,11
11.10.2010 00:00;42,2
12.10.2010 00:00;42,88
13.10.2010 00:00;43,1
14.10.2010 00:00;43,92
15.10.2010 00:00;45,5
18.10.2010 00:00;43,34
19.10.2010 00:00;44,14
20.10.2010 00:00;44,62
21.10.2010 00:00;44,15
22.10.2010 00:00;44,15
25.10.2010 00:00;43,84
26.10.2010 00:00;43,95
27.10.2010 00:00;43,94
28.10.2010 00:00;43,3
01.11.2010 00:00;43,42
02.11.2010 00:00;44,2
03.11.2010 00:00;44,68
04.11.2010 00:00;45,39
05.11.2010 00:00;45,29
08.11.2010 00:00;45,54
09.11.2010 00:00;45,09
10.11.2010 00:00;45,42
11.11.2010 00:00;45,22
12.11.2010 00:00;44,03
15.11.2010 00:00;43,86
16.11.2010 00:00;43,06
17.11.2010 00:00;42,91
18.11.2010 00:00;44,04
19.11.2010 00:00;43,8
22.11.2010 00:00;44,74
23.11.2010 00:00;44,16
24.11.2010 00:00;44,97
26.11.2010 00:00;44,94
29.11.2010 00:00;45,24
30.11.2010 00:00;44,43
01.12.2010 00:00;45,2
02.12.2010 00:00;45,41
03.12.2010 00:00;45,34
06.12.2010 00:00;45,72
07.12.2010 00:00;45,47
08.12.2010 00:00;45,85
09.12.2010 00:00;45,67
10.12.2010 00:00;45,78
13.12.2010 00:00;45,94
14.12.2010 00:00;45,73
15.12.2010 00:00;45,78
16.12.2010 00:00;45,89
17.12.2010 00:00;45,82
20.12.2010 00:00;46
21.12.2010 00:00;46,3
22.12.2010 00:00;46,46
23.12.2010 00:00;46,21
27.12.2010 00:00;46,39
28.12.2010 00:00;46,5
29.12.2010 00:00;46,45
30.12.2010 00:00;46,24
31.12.2010 00:00;45,97
03.01.2011 00:00;47,07
04.01.2011 00:00;47,32
05.01.2011 00:00;47,7
06.01.2011 00:00;47,67
07.01.2011 00:00;48,03
10.01.2011 00:00;48,89
11.01.2011 00:00;48,79
12.01.2011 00:00;49,17
13.01.2011 00:00;49,38
14.01.2011 00:00;49,75
18.01.2011 00:00;48,68
19.01.2011 00:00;48,39
20.01.2011 00:00;47,49
21.01.2011 00:00;46,66
24.01.2011 00:00;48,19
25.01.2011 00:00;48,74
26.01.2011 00:00;49,12
27.01.2011 00:00;49,03
28.01.2011 00:00;48,01
31.01.2011 00:00;48,43
01.02.2011 00:00;49,27
02.02.2011 00:00;49,18
03.02.2011 00:00;49,07
04.02.2011 00:00;49,48
07.02.2011 00:00;50,24
08.02.2011 00:00;50,74
09.02.2011 00:00;51,14
10.02.2011 00:00;50,59
11.02.2011 00:00;50,98
14.02.2011 00:00;51,29
15.02.2011 00:00;51,41
16.02.2011 00:00;51,85
17.02.2011 00:00;51,17
18.02.2011 00:00;50,02
22.02.2011 00:00;48,34
23.02.2011 00:00;49,01
24.02.2011 00:00;48,98
25.02.2011 00:00;49,76
28.02.2011 00:00;50,46
01.03.2011 00:00;49,89
02.03.2011 00:00;50,3
03.03.2011 00:00;51,35
04.03.2011 00:00;51,42
07.03.2011 00:00;50,77
08.03.2011 00:00;50,81
09.03.2011 00:00;50,32
10.03.2011 00:00;49,52
11.03.2011 00:00;50,28
14.03.2011 00:00;50,47
15.03.2011 00:00;49,29
16.03.2011 00:00;47,32
17.03.2011 00:00;47,69
18.03.2011 00:00;48,33
21.03.2011 00:00;48,81
22.03.2011 00:00;48,14
23.03.2011 00:00;48,77
24.03.2011 00:00;50
25.03.2011 00:00;50,52
28.03.2011 00:00;49,74
29.03.2011 00:00;50,07
30.03.2011 00:00;49,59
31.03.2011 00:00;50,18
01.04.2011 00:00;49,14
04.04.2011 00:00;48,05
05.04.2011 00:00;48,71
06.04.2011 00:00;48,29
07.04.2011 00:00;48,55
08.04.2011 00:00;47,87
11.04.2011 00:00;47,24
12.04.2011 00:00;47,39
13.04.2011 00:00;47,96
14.04.2011 00:00;47,53
15.04.2011 00:00;46,75
18.04.2011 00:00;47,15
19.04.2011 00:00;48,28
20.04.2011 00:00;48,98
21.04.2011 00:00;50,01
25.04.2011 00:00;50,4
26.04.2011 00:00;50,01
27.04.2011 00:00;50,03
28.04.2011 00:00;49,53
29.04.2011 00:00;50,02
02.05.2011 00:00;49,47
03.05.2011 00:00;49,72
04.05.2011 00:00;49,92
05.05.2011 00:00;49,49
06.05.2011 00:00;49,53
09.05.2011 00:00;49,67
10.05.2011 00:00;49,9
11.05.2011 00:00;49,63
12.05.2011 00:00;49,5
13.05.2011 00:00;48,65
16.05.2011 00:00;47,59
17.05.2011 00:00;47,95
18.05.2011 00:00;48,57
19.05.2011 00:00;48,66
20.05.2011 00:00;47,87
23.05.2011 00:00;47,71
24.05.2011 00:00;47,43
25.05.2011 00:00;48,13
26.05.2011 00:00;47,87
27.05.2011 00:00;48,18
31.05.2011 00:00;49,61
01.06.2011 00:00;49,36
02.06.2011 00:00;49,38
03.06.2011 00:00;49,03
06.06.2011 00:00;48,3
07.06.2011 00:00;47,58
08.06.2011 00:00;47,46
09.06.2011 00:00;47,44
10.06.2011 00:00;46,51
13.06.2011 00:00;46,61
14.06.2011 00:00;47,44
15.06.2011 00:00;46,68
16.06.2011 00:00;46,32
17.06.2011 00:00;45,78
20.06.2011 00:00;44,93
21.06.2011 00:00;46,45
22.06.2011 00:00;46,09
23.06.2011 00:00;47,26
24.06.2011 00:00;46,52
27.06.2011 00:00;47,5
28.06.2011 00:00;47,76
29.06.2011 00:00;47,71
30.06.2011 00:00;47,91
01.07.2011 00:00;49,01
05.07.2011 00:00;49,89
06.07.2011 00:00;50,23
07.07.2011 00:00;51,04
08.07.2011 00:00;51,42
11.07.2011 00:00;50,45
12.07.2011 00:00;50,57
13.07.2011 00:00;51,15
14.07.2011 00:00;51,09
15.07.2011 00:00;52,1
18.07.2011 00:00;53,4
19.07.2011 00:00;53,74
20.07.2011 00:00;55,3
21.07.2011 00:00;55,37
22.07.2011 00:00;56,09
25.07.2011 00:00;56,89
26.07.2011 00:00;57,67
27.07.2011 00:00;56,14
28.07.2011 00:00;56,04
29.07.2011 00:00;55,85
01.08.2011 00:00;56,56
02.08.2011 00:00;55,6
03.08.2011 00:00;56,07
04.08.2011 00:00;54,05
05.08.2011 00:00;53,38
08.08.2011 00:00;50,88
09.08.2011 00:00;53,03
10.08.2011 00:00;52,14
11.08.2011 00:00;53,23
12.08.2011 00:00;53,84
15.08.2011 00:00;54,71
16.08.2011 00:00;54,31
17.08.2011 00:00;54,26
18.08.2011 00:00;52,45
19.08.2011 00:00;50,95
22.08.2011 00:00;50,77
23.08.2011 00:00;53,14
24.08.2011 00:00;53,8
25.08.2011 00:00;53,4
26.08.2011 00:00;54,77
29.08.2011 00:00;55,68
30.08.2011 00:00;55,79
31.08.2011 00:00;54,92
01.09.2011 00:00;54,45
02.09.2011 00:00;53,45
06.09.2011 00:00;54,06
07.09.2011 00:00;54,82
08.09.2011 00:00;54,95
09.09.2011 00:00;53,93
12.09.2011 00:00;54,18
13.09.2011 00:00;54,91
14.09.2011 00:00;55,65
15.09.2011 00:00;56,12
16.09.2011 00:00;57,18
19.09.2011 00:00;58,92
20.09.2011 00:00;59,13
21.09.2011 00:00;59,09
22.09.2011 00:00;57,32
23.09.2011 00:00;57,71
26.09.2011 00:00;57,61
27.09.2011 00:00;56,89
28.09.2011 00:00;56,77
29.09.2011 00:00;55,72
30.09.2011 00:00;54,63
03.10.2011 00:00;53,67
04.10.2011 00:00;52,95
05.10.2011 00:00;54,04
06.10.2011 00:00;53,85
07.10.2011 00:00;52,86
10.10.2011 00:00;55,44
11.10.2011 00:00;57,25
12.10.2011 00:00;57,46
13.10.2011 00:00;58,25
14.10.2011 00:00;60,08
17.10.2011 00:00;59,93
18.10.2011 00:00;60,37
19.10.2011 00:00;56,94
20.10.2011 00:00;56,48
21.10.2011 00:00;56,13
24.10.2011 00:00;57,92
25.10.2011 00:00;56,86
26.10.2011 00:00;57,17
27.10.2011 00:00;57,74
28.10.2011 00:00;58,04
31.10.2011 00:00;57,99
01.11.2011 00:00;56,46
02.11.2011 00:00;56,74
03.11.2011 00:00;57,55
04.11.2011 00:00;57,18
07.11.2011 00:00;57,14
08.11.2011 00:00;58,13
09.11.2011 00:00;56,46
10.11.2011 00:00;55,05
11.11.2011 00:00;54,87
14.11.2011 00:00;54,15
15.11.2011 00:00;55,6
16.11.2011 00:00;54,98
17.11.2011 00:00;53,88
18.11.2011 00:00;53,59
21.11.2011 00:00;52,88
22.11.2011 00:00;53,95
23.11.2011 00:00;52,71
25.11.2011 00:00;51,94
28.11.2011 00:00;53,54
29.11.2011 00:00;53,35
30.11.2011 00:00;54,52
01.12.2011 00:00;55,29
02.12.2011 00:00;55,7
05.12.2011 00:00;56,06
06.12.2011 00:00;55,8
07.12.2011 00:00;55,73
08.12.2011 00:00;55,88
09.12.2011 00:00;56,24
12.12.2011 00:00;55,98
13.12.2011 00:00;55,33
14.12.2011 00:00;54,34
15.12.2011 00:00;54,05
16.12.2011 00:00;54,34
19.12.2011 00:00;54,48
20.12.2011 00:00;56,52
21.12.2011 00:00;56,54
22.12.2011 00:00;56,94
23.12.2011 00:00;57,6
27.12.2011 00:00;58,12
28.12.2011 00:00;57,53
29.12.2011 00:00;57,86
30.12.2011 00:00;57,82
03.01.2012 00:00;58,76
04.01.2012 00:00;59,17
05.01.2012 00:00;59,68
06.01.2012 00:00;60,31
09.01.2012 00:00;60,26
10.01.2012 00:00;60,45
11.01.2012 00:00;60,39
12.01.2012 00:00;60,2
13.01.2012 00:00;59,97
16.01.2012 00:00;59,99
17.01.2012 00:00;60,62
18.01.2012 00:00;61,28
19.01.2012 00:00;60,95
20.01.2012 00:00;60,02
23.01.2012 00:00;61,06
24.01.2012 00:00;60,18
25.01.2012 00:00;63,88
26.01.2012 00:00;63,45
27.01.2012 00:00;63,95
30.01.2012 00:00;64,69
31.01.2012 00:00;65,15
01.02.2012 00:00;65,16
02.02.2012 00:00;64,98
03.02.2012 00:00;65,67
06.02.2012 00:00;66,21
07.02.2012 00:00;66,95
08.02.2012 00:00;68,06
09.02.2012 00:00;70,4
10.02.2012 00:00;70,39
13.02.2012 00:00;71,67
14.02.2012 00:00;72,62
15.02.2012 00:00;71,2
16.02.2012 00:00;71,76
17.02.2012 00:00;71,66
21.02.2012 00:00;73,4
22.02.2012 00:00;73,23
23.02.2012 00:00;73,8
24.02.2012 00:00;74,52
27.02.2012 00:00;75,16
28.02.2012 00:00;76,4
29.02.2012 00:00;77,25
01.03.2012 00:00;77,75
02.03.2012 00:00;77,85
05.03.2012 00:00;76,12
06.03.2012 00:00;75,72
07.03.2012 00:00;76,01
08.03.2012 00:00;77,41
09.03.2012 00:00;77,71
12.03.2012 00:00;78,75
13.03.2012 00:00;81,11
14.03.2012 00:00;84,27
15.03.2012 00:00;83,7
16.03.2012 00:00;83,5
19.03.2012 00:00;85,68
20.03.2012 00:00;86,49
21.03.2012 00:00;86,19
22.03.2012 00:00;85,62
23.03.2012 00:00;85,07
26.03.2012 00:00;86,62
27.03.2012 00:00;87,76
28.03.2012 00:00;88,21
29.03.2012 00:00;87,42
30.03.2012 00:00;85,67
02.04.2012 00:00;88,3
03.04.2012 00:00;90,01
04.04.2012 00:00;89,26
05.04.2012 00:00;90,45
09.04.2012 00:00;90,97
10.04.2012 00:00;89,91
11.04.2012 00:00;89,4
12.04.2012 00:00;89,07
13.04.2012 00:00;86,55
16.04.2012 00:00;82,61
17.04.2012 00:00;87,05
18.04.2012 00:00;86,98
19.04.2012 00:00;83,92
20.04.2012 00:00;81,86
23.04.2012 00:00;81,78
24.04.2012 00:00;79,9
25.04.2012 00:00;87,14
26.04.2012 00:00;86,68
27.04.2012 00:00;86
30.04.2012 00:00;83,43
01.05.2012 00:00;83,23
02.05.2012 00:00;83,54
03.05.2012 00:00;83,02
04.05.2012 00:00;80,94
07.05.2012 00:00;81,21
08.05.2012 00:00;81,28
09.05.2012 00:00;81,43
10.05.2012 00:00;81,22
11.05.2012 00:00;80,92
14.05.2012 00:00;79,7
15.05.2012 00:00;79,01
16.05.2012 00:00;77,86
17.05.2012 00:00;75,73
18.05.2012 00:00;75,74
21.05.2012 00:00;79,97
22.05.2012 00:00;79,23
23.05.2012 00:00;81,29
24.05.2012 00:00;80,71
25.05.2012 00:00;80,3
28.05.2012 00:00;80,31
29.05.2012 00:00;81,8
30.05.2012 00:00;82,73
31.05.2012 00:00;82,62
01.06.2012 00:00;80,2
04.06.2012 00:00;80,53
05.06.2012 00:00;80,6
06.06.2012 00:00;81,67
07.06.2012 00:00;81,53
08.06.2012 00:00;82,89
11.06.2012 00:00;81,68
12.06.2012 00:00;82,22
13.06.2012 00:00;81,6
14.06.2012 00:00;81,71
15.06.2012 00:00;82,03
18.06.2012 00:00;83,59
19.06.2012 00:00;83,91
20.06.2012 00:00;83,48
21.06.2012 00:00;82,57
22.06.2012 00:00;82,99
25.06.2012 00:00;81,6
26.06.2012 00:00;81,74
27.06.2012 00:00;81,98
28.06.2012 00:00;81,26
29.06.2012 00:00;83,4
02.07.2012 00:00;84,61
03.07.2012 00:00;85,63
05.07.2012 00:00;87,28
06.07.2012 00:00;86,62
09.07.2012 00:00;87,6
10.07.2012 00:00;86,94
11.07.2012 00:00;86,45
12.07.2012 00:00;85,62
13.07.2012 00:00;86,42
16.07.2012 00:00;86,7
17.07.2012 00:00;86,68
18.07.2012 00:00;86,51
19.07.2012 00:00;87,75
20.07.2012 00:00;86,42
23.07.2012 00:00;86,34
24.07.2012 00:00;85,75
25.07.2012 00:00;82,16
26.07.2012 00:00;82,12
27.07.2012 00:00;83,54
30.07.2012 00:00;84,84
31.07.2012 00:00;87,19
01.08.2012 00:00;86,77
02.08.2012 00:00;86,91
03.08.2012 00:00;87,9
06.08.2012 00:00;88,97
07.08.2012 00:00;88,54
08.08.2012 00:00;88,59
09.08.2012 00:00;88,6
10.08.2012 00:00;88,78
13.08.2012 00:00;89,92
14.08.2012 00:00;90,14
15.08.2012 00:00;90,15
16.08.2012 00:00;90,85
17.08.2012 00:00;92,45
20.08.2012 00:00;94,92
21.08.2012 00:00;93,77
22.08.2012 00:00;95,54
23.08.2012 00:00;94,72
24.08.2012 00:00;94,65
27.08.2012 00:00;96,4
28.08.2012 00:00;96,4
29.08.2012 00:00;96,19
30.08.2012 00:00;94,78
31.08.2012 00:00;95,04
04.09.2012 00:00;96,32
05.09.2012 00:00;95,69
06.09.2012 00:00;96,5
07.09.2012 00:00;97,17
10.09.2012 00:00;94,72
11.09.2012 00:00;94,4
12.09.2012 00:00;95,14
13.09.2012 00:00;97,57
14.09.2012 00:00;98,68
17.09.2012 00:00;99,89
18.09.2012 00:00;100,19
19.09.2012 00:00;100,33
20.09.2012 00:00;99,74
21.09.2012 00:00;99,97
24.09.2012 00:00;98,55
25.09.2012 00:00;96,51
26.09.2012 00:00;95,3
27.09.2012 00:00;97,19
28.09.2012 00:00;95,44
01.10.2012 00:00;93,88
02.10.2012 00:00;94,06
03.10.2012 00:00;95,79
04.10.2012 00:00;95,24
05.10.2012 00:00;93,05
08.10.2012 00:00;91,32
09.10.2012 00:00;90,63
10.10.2012 00:00;91,48
11.10.2012 00:00;89,74
12.10.2012 00:00;89,93
15.10.2012 00:00;90,61
16.10.2012 00:00;92,82
17.10.2012 00:00;92,2
18.10.2012 00:00;90,27
19.10.2012 00:00;87,57
22.10.2012 00:00;90,48
23.10.2012 00:00;87,6
24.10.2012 00:00;88,05
25.10.2012 00:00;86,84
26.10.2012 00:00;86,4
31.10.2012 00:00;84,83
01.11.2012 00:00;85,25
02.11.2012 00:00;82,24
05.11.2012 00:00;83,6
06.11.2012 00:00;83,07
07.11.2012 00:00;79,94
08.11.2012 00:00;77,06
09.11.2012 00:00;78,28
12.11.2012 00:00;77,56
13.11.2012 00:00;77,49
14.11.2012 00:00;76,59
15.11.2012 00:00;75,02
16.11.2012 00:00;75,09
19.11.2012 00:00;81,02
20.11.2012 00:00;80,07
21.11.2012 00:00;80,22
23.11.2012 00:00;81,66
26.11.2012 00:00;84,09
27.11.2012 00:00;83,49
28.11.2012 00:00;83,32
29.11.2012 00:00;84,17
30.11.2012 00:00;83,58
03.12.2012 00:00;83,78
04.12.2012 00:00;82,17
05.12.2012 00:00;77,43
06.12.2012 00:00;78,31
07.12.2012 00:00;76,32
10.12.2012 00:00;75,86
11.12.2012 00:00;77,27
12.12.2012 00:00;77,03
13.12.2012 00:00;75,69
14.12.2012 00:00;72,72
17.12.2012 00:00;73,86
18.12.2012 00:00;76,32
19.12.2012 00:00;75,28
20.12.2012 00:00;74,59
21.12.2012 00:00;73,9
24.12.2012 00:00;74,28
26.12.2012 00:00;73,22
27.12.2012 00:00;73,63
28.12.2012 00:00;72,82
31.12.2012 00:00;75,11
02.01.2013 00:00;78,39
03.01.2013 00:00;77,38
04.01.2013 00:00;75,47
07.01.2013 00:00;74,91
08.01.2013 00:00;75,16
09.01.2013 00:00;73,85
10.01.2013 00:00;74,84
11.01.2013 00:00;74,29
14.01.2013 00:00;71,48
15.01.2013 00:00;69,34
16.01.2013 00:00;72,33
17.01.2013 00:00;71,76
18.01.2013 00:00;71,42
22.01.2013 00:00;71,96
23.01.2013 00:00;73,43
24.01.2013 00:00;64,31
25.01.2013 00:00;63,4
28.01.2013 00:00;64,39
29.01.2013 00:00;65,5
30.01.2013 00:00;65,12
31.01.2013 00:00;65,14
01.02.2013 00:00;64,67
04.02.2013 00:00;63,24
05.02.2013 00:00;65,41
06.02.2013 00:00;65,31
07.02.2013 00:00;66,95
08.02.2013 00:00;67,88
11.02.2013 00:00;68,56
12.02.2013 00:00;66,94
13.02.2013 00:00;66,54
14.02.2013 00:00;66,63
15.02.2013 00:00;65,72
19.02.2013 00:00;65,65
20.02.2013 00:00;64,16
21.02.2013 00:00;63,64
22.02.2013 00:00;64,29
25.02.2013 00:00;63,32
26.02.2013 00:00;64,24
27.02.2013 00:00;63,7
28.02.2013 00:00;63,12
01.03.2013 00:00;61,49
04.03.2013 00:00;59,95
05.03.2013 00:00;61,42
06.03.2013 00:00;60,69
07.03.2013 00:00;61,55
08.03.2013 00:00;61,63
11.03.2013 00:00;62,59
12.03.2013 00:00;61,18
13.03.2013 00:00;61,19
14.03.2013 00:00;61,72
15.03.2013 00:00;63,37
18.03.2013 00:00;65,1
19.03.2013 00:00;64,85
20.03.2013 00:00;64,44
21.03.2013 00:00;64,74
22.03.2013 00:00;65,93
25.03.2013 00:00;66,25
26.03.2013 00:00;65,83
27.03.2013 00:00;64,56
28.03.2013 00:00;63,27
01.04.2013 00:00;61,33
02.04.2013 00:00;61,31
03.04.2013 00:00;61,75
04.04.2013 00:00;61,08
05.04.2013 00:00;60,4
08.04.2013 00:00;60,81
09.04.2013 00:00;60,88
10.04.2013 00:00;62,24
11.04.2013 00:00;62,03
12.04.2013 00:00;61,37
15.04.2013 00:00;60,09
16.04.2013 00:00;60,8
17.04.2013 00:00;57,42
18.04.2013 00:00;56,05
19.04.2013 00:00;55,84
22.04.2013 00:00;57,14
23.04.2013 00:00;58,1
24.04.2013 00:00;58,1
25.04.2013 00:00;58,31
26.04.2013 00:00;59,63
29.04.2013 00:00;61,51
30.04.2013 00:00;63,24
01.05.2013 00:00;62,66
02.05.2013 00:00;63,67
03.05.2013 00:00;64,26
06.05.2013 00:00;65,91
07.05.2013 00:00;65,4
08.05.2013 00:00;66,22
09.05.2013 00:00;65,1
10.05.2013 00:00;64,62
13.05.2013 00:00;64,93
14.05.2013 00:00;63,35
15.05.2013 00:00;61,29
16.05.2013 00:00;61,96
17.05.2013 00:00;61,79
20.05.2013 00:00;63,29
21.05.2013 00:00;62,81
22.05.2013 00:00;62,87
23.05.2013 00:00;63,3
24.05.2013 00:00;63,52
28.05.2013 00:00;63,09
29.05.2013 00:00;63,67
30.05.2013 00:00;64,6
31.05.2013 00:00;64,34
03.06.2013 00:00;64,29
04.06.2013 00:00;64,24
05.06.2013 00:00;63,5
06.06.2013 00:00;62,53
07.06.2013 00:00;63,04
10.06.2013 00:00;62,61
11.06.2013 00:00;62,48
12.06.2013 00:00;61,73
13.06.2013 00:00;62,23
14.06.2013 00:00;61,38
17.06.2013 00:00;61,68
18.06.2013 00:00;61,61
19.06.2013 00:00;60,49
20.06.2013 00:00;59,44
21.06.2013 00:00;59,03
24.06.2013 00:00;57,59
25.06.2013 00:00;57,58
26.06.2013 00:00;56,87
27.06.2013 00:00;56,29
28.06.2013 00:00;56,74
01.07.2013 00:00;58,38
02.07.2013 00:00;59,74
03.07.2013 00:00;60,09
05.07.2013 00:00;59,57
08.07.2013 00:00;59,25
09.07.2013 00:00;60,21
10.07.2013 00:00;60,02
11.07.2013 00:00;60,98
12.07.2013 00:00;60,76
15.07.2013 00:00;61,11
16.07.2013 00:00;61,49
17.07.2013 00:00;61,43
18.07.2013 00:00;61,7
19.07.2013 00:00;60,7
22.07.2013 00:00;60,78
23.07.2013 00:00;59,95
24.07.2013 00:00;62,99
25.07.2013 00:00;62,68
26.07.2013 00:00;62,86
29.07.2013 00:00;63,96
30.07.2013 00:00;64,78
31.07.2013 00:00;64,55
01.08.2013 00:00;65,19
02.08.2013 00:00;65,99
05.08.2013 00:00;66,96
06.08.2013 00:00;66,46
07.08.2013 00:00;66,37
08.08.2013 00:00;65,85
09.08.2013 00:00;64,85
12.08.2013 00:00;66,66
13.08.2013 00:00;69,85
14.08.2013 00:00;71,24
15.08.2013 00:00;71,08
16.08.2013 00:00;71,65
19.08.2013 00:00;72,58
20.08.2013 00:00;71,58
21.08.2013 00:00;71,82
22.08.2013 00:00;71,19
23.08.2013 00:00;71,59
26.08.2013 00:00;71,97
27.08.2013 00:00;69,62
28.08.2013 00:00;70,03
29.08.2013 00:00;70,24
30.08.2013 00:00;69,51
03.09.2013 00:00;69,7
04.09.2013 00:00;71,1
05.09.2013 00:00;70,62
06.09.2013 00:00;71,07
09.09.2013 00:00;72,28
10.09.2013 00:00;70,5
11.09.2013 00:00;66,68
12.09.2013 00:00;67,43
13.09.2013 00:00;66,38
16.09.2013 00:00;64,24
17.09.2013 00:00;64,93
18.09.2013 00:00;66,19
19.09.2013 00:00;67,37
20.09.2013 00:00;66,93
23.09.2013 00:00;70,17
24.09.2013 00:00;69,8
25.09.2013 00:00;68,81
26.09.2013 00:00;69,35
27.09.2013 00:00;68,85
30.09.2013 00:00;67,94
01.10.2013 00:00;69,55
02.10.2013 00:00;69,85
03.10.2013 00:00;69,05
04.10.2013 00:00;69,01
07.10.2013 00:00;69,57
08.10.2013 00:00;68,71
09.10.2013 00:00;69,37
10.10.2013 00:00;69,94
11.10.2013 00:00;70,4
14.10.2013 00:00;70,82
15.10.2013 00:00;71,24
16.10.2013 00:00;71,63
17.10.2013 00:00;72,05
18.10.2013 00:00;72,58
21.10.2013 00:00;74,39
22.10.2013 00:00;74,3
23.10.2013 00:00;74,9
24.10.2013 00:00;75,82
25.10.2013 00:00;75,01
28.10.2013 00:00;75,47
29.10.2013 00:00;73,74
30.10.2013 00:00;74,92
31.10.2013 00:00;74,72
01.11.2013 00:00;74,25
04.11.2013 00:00;75,09
05.11.2013 00:00;75,07
06.11.2013 00:00;74,34
07.11.2013 00:00;73,19
08.11.2013 00:00;74,28
11.11.2013 00:00;74,16
12.11.2013 00:00;74,21
13.11.2013 00:00;74,28
14.11.2013 00:00;75,45
15.11.2013 00:00;74,97
18.11.2013 00:00;74,01
19.11.2013 00:00;74,17
20.11.2013 00:00;73,58
21.11.2013 00:00;74,36
22.11.2013 00:00;74,23
25.11.2013 00:00;74,79
26.11.2013 00:00;76,32
27.11.2013 00:00;77,9
29.11.2013 00:00;79,42
02.12.2013 00:00;78,79
03.12.2013 00:00;80,76
04.12.2013 00:00;80,75
05.12.2013 00:00;81,2
06.12.2013 00:00;79,96
09.12.2013 00:00;80,84
10.12.2013 00:00;80,83
11.12.2013 00:00;79,96
12.12.2013 00:00;80,02
13.12.2013 00:00;79,21
16.12.2013 00:00;79,59
17.12.2013 00:00;79,25
18.12.2013 00:00;78,57
19.12.2013 00:00;77,74
20.12.2013 00:00;78,48
23.12.2013 00:00;81,4
24.12.2013 00:00;81,06
26.12.2013 00:00;80,52
27.12.2013 00:00;79,93
30.12.2013 00:00;79,13
31.12.2013 00:00;80,07
02.01.2014 00:00;78,95
03.01.2014 00:00;77,2
06.01.2014 00:00;77,7
07.01.2014 00:00;77,15
08.01.2014 00:00;77,51
09.01.2014 00:00;76,73
10.01.2014 00:00;76,04
13.01.2014 00:00;76,36
14.01.2014 00:00;77,94
15.01.2014 00:00;79,53
16.01.2014 00:00;79,16
17.01.2014 00:00;77,19
21.01.2014 00:00;78,32
22.01.2014 00:00;78,7
23.01.2014 00:00;79,37
24.01.2014 00:00;78,12
27.01.2014 00:00;78,68
28.01.2014 00:00;72,13
29.01.2014 00:00;71,57
30.01.2014 00:00;71,31
31.01.2014 00:00;71,41
03.02.2014 00:00;71,47
04.02.2014 00:00;72,61
05.02.2014 00:00;73,21
06.02.2014 00:00;73,25
07.02.2014 00:00;74,21
10.02.2014 00:00;75,42
11.02.2014 00:00;76,48
12.02.2014 00:00;76,34
13.02.2014 00:00;77,63
14.02.2014 00:00;77,6
18.02.2014 00:00;78,04
19.02.2014 00:00;76,57
20.02.2014 00:00;75,85
21.02.2014 00:00;74,96
24.02.2014 00:00;75,44
25.02.2014 00:00;74,52
26.02.2014 00:00;73,77
27.02.2014 00:00;75,22
28.02.2014 00:00;75
03.03.2014 00:00;75,22
04.03.2014 00:00;75,81
05.03.2014 00:00;76,07
06.03.2014 00:00;75,69
07.03.2014 00:00;75,63
10.03.2014 00:00;75,86
11.03.2014 00:00;76,49
12.03.2014 00:00;76,59
13.03.2014 00:00;75,73
14.03.2014 00:00;74,91
17.03.2014 00:00;75,14
18.03.2014 00:00;75,85
19.03.2014 00:00;75,86
20.03.2014 00:00;75,42
21.03.2014 00:00;75,73
24.03.2014 00:00;76,98
25.03.2014 00:00;77,85
26.03.2014 00:00;77,1
27.03.2014 00:00;76,77
28.03.2014 00:00;76,52
31.03.2014 00:00;76,66
01.04.2014 00:00;77,22
02.04.2014 00:00;77,55
03.04.2014 00:00;77,05
04.04.2014 00:00;75,99
07.04.2014 00:00;74,76
08.04.2014 00:00;74,76
09.04.2014 00:00;75,64
10.04.2014 00:00;74,85
11.04.2014 00:00;74,19
14.04.2014 00:00;74,44
15.04.2014 00:00;73,94
16.04.2014 00:00;74,08
17.04.2014 00:00;74,95
21.04.2014 00:00;75,79
22.04.2014 00:00;75,89
23.04.2014 00:00;75,08
24.04.2014 00:00;81,21
25.04.2014 00:00;81,56
28.04.2014 00:00;84,8
29.04.2014 00:00;84,59
30.04.2014 00:00;84,37
01.05.2014 00:00;84,31
02.05.2014 00:00;84,59
05.05.2014 00:00;85,62
06.05.2014 00:00;84,95
07.05.2014 00:00;84,61
08.05.2014 00:00;83,89
09.05.2014 00:00;83,6
12.05.2014 00:00;84,68
13.05.2014 00:00;84,74
14.05.2014 00:00;84,69
15.05.2014 00:00;84,23
16.05.2014 00:00;85,12
19.05.2014 00:00;86,37
20.05.2014 00:00;86,33
21.05.2014 00:00;86,6
22.05.2014 00:00;86,65
23.05.2014 00:00;87,63
27.05.2014 00:00;89,33
28.05.2014 00:00;89,13
29.05.2014 00:00;90,72
30.05.2014 00:00;90,54
02.06.2014 00:00;89,8
03.06.2014 00:00;91,06
04.06.2014 00:00;92,22
05.06.2014 00:00;92,35
06.06.2014 00:00;92,19
08.06.2014 00:00;92,19
09.06.2014 00:00;93,64
10.06.2014 00:00;94,18
11.06.2014 00:00;93,78
12.06.2014 00:00;92,07
13.06.2014 00:00;91,13
16.06.2014 00:00;92,08
17.06.2014 00:00;92,06
18.06.2014 00:00;92,16
19.06.2014 00:00;91,71
20.06.2014 00:00;91,3
23.06.2014 00:00;90,73
24.06.2014 00:00;90,16
25.06.2014 00:00;90,32
26.06.2014 00:00;90,72
27.06.2014 00:00;91,94
30.06.2014 00:00;92,96
01.07.2014 00:00;93,56
02.07.2014 00:00;93,39
03.07.2014 00:00;93,98
07.07.2014 00:00;95,86
08.07.2014 00:00;95,19
09.07.2014 00:00;95,34
10.07.2014 00:00;95,09
11.07.2014 00:00;95,04
14.07.2014 00:00;96,36
15.07.2014 00:00;95,27
16.07.2014 00:00;95,02
17.07.2014 00:00;93,12
18.07.2014 00:00;94,08
21.07.2014 00:00;93,93
22.07.2014 00:00;94,66
23.07.2014 00:00;97,21
24.07.2014 00:00;96,95
25.07.2014 00:00;97,53
28.07.2014 00:00;98,98
29.07.2014 00:00;98,34
30.07.2014 00:00;98,21
31.07.2014 00:00;95,56
01.08.2014 00:00;96,16
04.08.2014 00:00;95,78
05.08.2014 00:00;95,1
06.08.2014 00:00;95
07.08.2014 00:00;94,35
08.08.2014 00:00;94,74
11.08.2014 00:00;95,95
12.08.2014 00:00;95,92
13.08.2014 00:00;97,1
14.08.2014 00:00;97,43
15.08.2014 00:00;97,89
18.08.2014 00:00;99,05
19.08.2014 00:00;100,46
20.08.2014 00:00;100,7
21.08.2014 00:00;100,49
22.08.2014 00:00;101,11
25.08.2014 00:00;101,57
26.08.2014 00:00;100,96
27.08.2014 00:00;101,94
28.08.2014 00:00;102,14
29.08.2014 00:00;102,36
02.09.2014 00:00;103,19
03.09.2014 00:00;98,86
04.09.2014 00:00;98
05.09.2014 00:00;98,73
08.09.2014 00:00;98,32
09.09.2014 00:00;97,98
10.09.2014 00:00;100,85
11.09.2014 00:00;101,19
12.09.2014 00:00;101,45
15.09.2014 00:00;101,54
16.09.2014 00:00;100,95
17.09.2014 00:00;101,53
18.09.2014 00:00;101,74
19.09.2014 00:00;101,41
22.09.2014 00:00;101,01
23.09.2014 00:00;102,74
24.09.2014 00:00;101,62
25.09.2014 00:00;98,03
26.09.2014 00:00;100,49
29.09.2014 00:00;100,09
30.09.2014 00:00;100,75
01.10.2014 00:00;99,26
02.10.2014 00:00;99,92
03.10.2014 00:00;99,68
06.10.2014 00:00;99,48
07.10.2014 00:00;98,77
08.10.2014 00:00;100,79
09.10.2014 00:00;101,09
10.10.2014 00:00;100,73
13.10.2014 00:00;99,86
14.10.2014 00:00;98,72
15.10.2014 00:00;97,63
16.10.2014 00:00;96,41
17.10.2014 00:00;97,72
20.10.2014 00:00;99,87
21.10.2014 00:00;102,34
22.10.2014 00:00;103,11
23.10.2014 00:00;104,7
24.10.2014 00:00;104,99
27.10.2014 00:00;105,15
28.10.2014 00:00;106,55
29.10.2014 00:00;107,17
30.10.2014 00:00;106,86
31.10.2014 00:00;107,89
03.11.2014 00:00;109,25
04.11.2014 00:00;108,61
05.11.2014 00:00;108,74
06.11.2014 00:00;108,57
07.11.2014 00:00;108,85
10.11.2014 00:00;108,7
11.11.2014 00:00;109,62
12.11.2014 00:00;111,14
13.11.2014 00:00;112,68
14.11.2014 00:00;114,02
17.11.2014 00:00;113,85
18.11.2014 00:00;115,48
19.11.2014 00:00;114,75
20.11.2014 00:00;116,31
21.11.2014 00:00;116,21
24.11.2014 00:00;118,62
25.11.2014 00:00;117,73
26.11.2014 00:00;118,84
28.11.2014 00:00;118,89
01.12.2014 00:00;114,74
02.12.2014 00:00;114,32
03.12.2014 00:00;116,01
04.12.2014 00:00;115,37
05.12.2014 00:00;114,62
08.12.2014 00:00;112,24
09.12.2014 00:00;114,17
10.12.2014 00:00;111,83
11.12.2014 00:00;111,37
12.12.2014 00:00;109,59
15.12.2014 00:00;108,42
16.12.2014 00:00;106,79
17.12.2014 00:00;109,17
18.12.2014 00:00;112,39
19.12.2014 00:00;111,73
22.12.2014 00:00;112,81
23.12.2014 00:00;112,66
24.12.2014 00:00;111,93
26.12.2014 00:00;113,91
29.12.2014 00:00;113,81
30.12.2014 00:00;112,39
31.12.2014 00:00;111,18
02.01.2015 00:00;109,32
05.01.2015 00:00;106,29
06.01.2015 00:00;106,48
07.01.2015 00:00;107,63
08.01.2015 00:00;111,82
09.01.2015 00:00;111,93
12.01.2015 00:00;109,31
13.01.2015 00:00;110,07
14.01.2015 00:00;109,65
15.01.2015 00:00;106,96
16.01.2015 00:00;105,72
20.01.2015 00:00;108,51
21.01.2015 00:00;109,4
22.01.2015 00:00;112,24
23.01.2015 00:00;112,83
26.01.2015 00:00;113,14
27.01.2015 00:00;109,43
28.01.2015 00:00;115,74
29.01.2015 00:00;118,73
30.01.2015 00:00;117,06
02.02.2015 00:00;118,47
03.02.2015 00:00;118,61
04.02.2015 00:00;119,31
05.02.2015 00:00;119,78
06.02.2015 00:00;118,77
09.02.2015 00:00;119,65
10.02.2015 00:00;122,01
11.02.2015 00:00;124,68
12.02.2015 00:00;126,38
13.02.2015 00:00;126,97
17.02.2015 00:00;127,59
18.02.2015 00:00;128,52
19.02.2015 00:00;128,39
20.02.2015 00:00;129,25
23.02.2015 00:00;132,77
24.02.2015 00:00;131,97
25.02.2015 00:00;128,68
26.02.2015 00:00;130,16
27.02.2015 00:00;128,2
02.03.2015 00:00;128,91
03.03.2015 00:00;129,25
04.03.2015 00:00;128,28
05.03.2015 00:00;126,34
06.03.2015 00:00;126,47
09.03.2015 00:00;127,3
10.03.2015 00:00;124,64
11.03.2015 00:00;122,17
12.03.2015 00:00;124,42
13.03.2015 00:00;123,34
16.03.2015 00:00;124,74
17.03.2015 00:00;127,12
18.03.2015 00:00;128,48
19.03.2015 00:00;127,51
20.03.2015 00:00;127,05
23.03.2015 00:00;127,26
24.03.2015 00:00;126,62
25.03.2015 00:00;123,35
26.03.2015 00:00;124,23
27.03.2015 00:00;123,44
30.03.2015 00:00;126,25
31.03.2015 00:00;124,42
01.04.2015 00:00;123,9
02.04.2015 00:00;125,36
06.04.2015 00:00;127,27
07.04.2015 00:00;125,96
08.04.2015 00:00;125,35
09.04.2015 00:00;126,35
10.04.2015 00:00;126,93
13.04.2015 00:00;126,68
14.04.2015 00:00;126,14
15.04.2015 00:00;126,68
16.04.2015 00:00;126,06
17.04.2015 00:00;124,59
20.04.2015 00:00;127,38
21.04.2015 00:00;126,86
22.04.2015 00:00;128,4
23.04.2015 00:00;129,68
24.04.2015 00:00;130,15
27.04.2015 00:00;132,29
28.04.2015 00:00;130,21
29.04.2015 00:00;128,24
30.04.2015 00:00;124,88
01.05.2015 00:00;128,67
04.05.2015 00:00;128,72
05.05.2015 00:00;125,79
06.05.2015 00:00;124,64
07.05.2015 00:00;125,26
08.05.2015 00:00;127,5
11.05.2015 00:00;126,38
12.05.2015 00:00;125,96
13.05.2015 00:00;125,93
14.05.2015 00:00;128,7
15.05.2015 00:00;128,51
18.05.2015 00:00;130,18
19.05.2015 00:00;129,94
20.05.2015 00:00;130,16
21.05.2015 00:00;131,41
22.05.2015 00:00;132,58
26.05.2015 00:00;129,59
27.05.2015 00:00;132
28.05.2015 00:00;131,77
29.05.2015 00:00;130,37
01.06.2015 00:00;130,34
02.06.2015 00:00;129,93
03.06.2015 00:00;129,95
04.06.2015 00:00;129,11
05.06.2015 00:00;128,57
08.06.2015 00:00;127,85
09.06.2015 00:00;127,46
10.06.2015 00:00;128,88
11.06.2015 00:00;128,6
12.06.2015 00:00;127,16
15.06.2015 00:00;126,91
16.06.2015 00:00;127,32
17.06.2015 00:00;127,28
18.06.2015 00:00;127,73
19.06.2015 00:00;126,56
22.06.2015 00:00;127,42
23.06.2015 00:00;127
24.06.2015 00:00;128,04
25.06.2015 00:00;127,53
26.06.2015 00:00;126,72
29.06.2015 00:00;124,58
30.06.2015 00:00;125,62
01.07.2015 00:00;126,4
02.07.2015 00:00;126,3
06.07.2015 00:00;125,85
07.07.2015 00:00;125,44
08.07.2015 00:00;122,7
09.07.2015 00:00;120,1
10.07.2015 00:00;123,42
13.07.2015 00:00;125,6
14.07.2015 00:00;125,56
15.07.2015 00:00;126,72
16.07.2015 00:00;128,29
17.07.2015 00:00;129,32
20.07.2015 00:00;131,84
21.07.2015 00:00;130,87
22.07.2015 00:00;124,86
23.07.2015 00:00;125,07
24.07.2015 00:00;124,39
27.07.2015 00:00;122,48
28.07.2015 00:00;123,19
29.07.2015 00:00;122,73
30.07.2015 00:00;122,41
31.07.2015 00:00;121,29
03.08.2015 00:00;117,97
04.08.2015 00:00;114,46
05.08.2015 00:00;115,37
06.08.2015 00:00;115,16
07.08.2015 00:00;115,38
10.08.2015 00:00;119,68
11.08.2015 00:00;113,7
12.08.2015 00:00;115,11
13.08.2015 00:00;115,19
14.08.2015 00:00;115,89
17.08.2015 00:00;117,13
18.08.2015 00:00;116,38
19.08.2015 00:00;115,26
20.08.2015 00:00;112,75
21.08.2015 00:00;106,16
24.08.2015 00:00;104,35
25.08.2015 00:00;104,7
26.08.2015 00:00;109,7
27.08.2015 00:00;112,32
28.08.2015 00:00;112,93
31.08.2015 00:00;112,85
01.09.2015 00:00;107,94
02.09.2015 00:00;111,6
03.09.2015 00:00;110,36
04.09.2015 00:00;109,46
08.09.2015 00:00;111,99
09.09.2015 00:00;109,77
10.09.2015 00:00;112,3
11.09.2015 00:00;113,89
14.09.2015 00:00;115,11
15.09.2015 00:00;116,06
16.09.2015 00:00;116,28
17.09.2015 00:00;114,01
18.09.2015 00:00;113,4
21.09.2015 00:00;114,91
22.09.2015 00:00;113,21
23.09.2015 00:00;114,43
24.09.2015 00:00;114,85
25.09.2015 00:00;114,67
28.09.2015 00:00;112,73
29.09.2015 00:00;108,73
30.09.2015 00:00;109,99
01.10.2015 00:00;109,37
02.10.2015 00:00;110,38
05.10.2015 00:00;110,41
06.10.2015 00:00;111,22
07.10.2015 00:00;110,39
08.10.2015 00:00;109,36
09.10.2015 00:00;111,97
12.10.2015 00:00;111,51
13.10.2015 00:00;111,67
14.10.2015 00:00;109,97
15.10.2015 00:00;111,67
16.10.2015 00:00;110,86
19.10.2015 00:00;111,41
20.10.2015 00:00;113,66
21.10.2015 00:00;113,79
22.10.2015 00:00;115,25
23.10.2015 00:00;118,92
26.10.2015 00:00;115,23
27.10.2015 00:00;114,35
28.10.2015 00:00;118,94
29.10.2015 00:00;120,38
30.10.2015 00:00;119,84
02.11.2015 00:00;121
03.11.2015 00:00;122,54
04.11.2015 00:00;121,57
05.11.2015 00:00;120,83
06.11.2015 00:00;120,91
09.11.2015 00:00;120,76
10.11.2015 00:00;116,38
11.11.2015 00:00;116,12
12.11.2015 00:00;115,69
13.11.2015 00:00;112,55
16.11.2015 00:00;113,93
17.11.2015 00:00;113,54
18.11.2015 00:00;117,19
19.11.2015 00:00;118,84
20.11.2015 00:00;119,12
23.11.2015 00:00;117,66
24.11.2015 00:00;118,6
25.11.2015 00:00;117,91
27.11.2015 00:00;117,73
30.11.2015 00:00;118,43
01.12.2015 00:00;117,2
02.12.2015 00:00;116,13
03.12.2015 00:00;114,93
04.12.2015 00:00;118,92
07.12.2015 00:00;118,29
08.12.2015 00:00;118,31
09.12.2015 00:00;115,31
10.12.2015 00:00;115,91
11.12.2015 00:00;113
14.12.2015 00:00;112,11
15.12.2015 00:00;110,37
16.12.2015 00:00;111,18
17.12.2015 00:00;109,18
18.12.2015 00:00;105,9
21.12.2015 00:00;107,03
22.12.2015 00:00;107,17
23.12.2015 00:00;108,48
24.12.2015 00:00;107,95
28.12.2015 00:00;106,61
29.12.2015 00:00;108,67
30.12.2015 00:00;107,34
31.12.2015 00:00;105,39
04.01.2016 00:00;105,11
05.01.2016 00:00;102,58
06.01.2016 00:00;100,24
07.01.2016 00:00;96,87
08.01.2016 00:00;96,88
11.01.2016 00:00;98,58
12.01.2016 00:00;99,89
13.01.2016 00:00;97,33
14.01.2016 00:00;99,32
15.01.2016 00:00;97,06
19.01.2016 00:00;96,84
20.01.2016 00:00;97,07
21.01.2016 00:00;96,54
22.01.2016 00:00;101,31
25.01.2016 00:00;99,59
26.01.2016 00:00;99,37
27.01.2016 00:00;93,31
28.01.2016 00:00;93,96
29.01.2016 00:00;97,07
01.02.2016 00:00;96,34
02.02.2016 00:00;94,38
03.02.2016 00:00;96,34
04.02.2016 00:00;96,44
05.02.2016 00:00;93,59
08.02.2016 00:00;94,79
09.02.2016 00:00;95
10.02.2016 00:00;94,11
11.02.2016 00:00;93,74
12.02.2016 00:00;93,8
16.02.2016 00:00;96,55
17.02.2016 00:00;97,99
18.02.2016 00:00;96,08
19.02.2016 00:00;96,07
22.02.2016 00:00;96,63
23.02.2016 00:00;94,57
24.02.2016 00:00;96,05
25.02.2016 00:00;96,44
26.02.2016 00:00;96,89
29.02.2016 00:00;96,88
01.03.2016 00:00;100,32
02.03.2016 00:00;100,54
03.03.2016 00:00;101,23
04.03.2016 00:00;102,87
07.03.2016 00:00;101,57
08.03.2016 00:00;100,82
09.03.2016 00:00;100,92
10.03.2016 00:00;101,02
11.03.2016 00:00;102,02
14.03.2016 00:00;102,52
15.03.2016 00:00;104,44
16.03.2016 00:00;105,83
17.03.2016 00:00;105,69
18.03.2016 00:00;105,79
21.03.2016 00:00;105,71
22.03.2016 00:00;106,63
23.03.2016 00:00;105,96
24.03.2016 00:00;105,54
28.03.2016 00:00;105,18
29.03.2016 00:00;107,62
30.03.2016 00:00;109,55
31.03.2016 00:00;109,04
01.04.2016 00:00;109,74
04.04.2016 00:00;110,99
05.04.2016 00:00;109,69
06.04.2016 00:00;110,68
07.04.2016 00:00;108,37
08.04.2016 00:00;108,4
11.04.2016 00:00;109,09
12.04.2016 00:00;110,21
13.04.2016 00:00;111,83
14.04.2016 00:00;111,94
15.04.2016 00:00;109,72
18.04.2016 00:00;107,52
19.04.2016 00:00;106,76
20.04.2016 00:00;107,14
21.04.2016 00:00;105,88
22.04.2016 00:00;105,53
25.04.2016 00:00;104,84
26.04.2016 00:00;104,07
27.04.2016 00:00;97,52
28.04.2016 00:00;94,46
29.04.2016 00:00;93,63
02.05.2016 00:00;93,54
03.05.2016 00:00;95,25
04.05.2016 00:00;94,15
05.05.2016 00:00;92,96
06.05.2016 00:00;92,45
09.05.2016 00:00;92,73
10.05.2016 00:00;93,27
11.05.2016 00:00;92,41
12.05.2016 00:00;90,19
13.05.2016 00:00;90,37
16.05.2016 00:00;93,88
17.05.2016 00:00;93,26
18.05.2016 00:00;94,35
19.05.2016 00:00;94,21
20.05.2016 00:00;95,02
23.05.2016 00:00;96,37
24.05.2016 00:00;97,85
25.05.2016 00:00;99,52
26.05.2016 00:00;100,3
27.05.2016 00:00;100,12
31.05.2016 00:00;99,6
01.06.2016 00:00;98,26
02.06.2016 00:00;97,55
03.06.2016 00:00;97,89
06.06.2016 00:00;98,64
07.06.2016 00:00;98,87
08.06.2016 00:00;98,7
09.06.2016 00:00;99,58
10.06.2016 00:00;98,75
13.06.2016 00:00;97,2
14.06.2016 00:00;97,32
15.06.2016 00:00;97,02
16.06.2016 00:00;97,5
17.06.2016 00:00;95,22
20.06.2016 00:00;94,93
21.06.2016 00:00;95,87
22.06.2016 00:00;95,45
23.06.2016 00:00;95,84
24.06.2016 00:00;93,62
27.06.2016 00:00;92,01
28.06.2016 00:00;93,46
29.06.2016 00:00;94,32
30.06.2016 00:00;95,41
01.07.2016 00:00;95,92
05.07.2016 00:00;94,9
06.07.2016 00:00;95,38
07.07.2016 00:00;95,81
08.07.2016 00:00;96,55
11.07.2016 00:00;96,94
12.07.2016 00:00;97,24
13.07.2016 00:00;96,8
14.07.2016 00:00;98,79
15.07.2016 00:00;98,63
18.07.2016 00:00;99,77
19.07.2016 00:00;99,76
20.07.2016 00:00;99,88
21.07.2016 00:00;99,26
22.07.2016 00:00;98,44
25.07.2016 00:00;97,08
26.07.2016 00:00;96,7
27.07.2016 00:00;103,35
28.07.2016 00:00;104,26
29.07.2016 00:00;104,15
01.08.2016 00:00;105,99
02.08.2016 00:00;104,38
03.08.2016 00:00;105,7
04.08.2016 00:00;105,81
05.08.2016 00:00;107,36
08.08.2016 00:00;108,21
09.08.2016 00:00;108,78
10.08.2016 00:00;107,87
11.08.2016 00:00;108,02
12.08.2016 00:00;108,09
15.08.2016 00:00;109,4
16.08.2016 00:00;109,43
17.08.2016 00:00;109,05
18.08.2016 00:00;109,11
19.08.2016 00:00;109,22
22.08.2016 00:00;108,38
23.08.2016 00:00;108,76
24.08.2016 00:00;107,79
25.08.2016 00:00;107,51
26.08.2016 00:00;106,8
29.08.2016 00:00;106,75
30.08.2016 00:00;105,82
31.08.2016 00:00;106,08
01.09.2016 00:00;106,47
02.09.2016 00:00;107,58
06.09.2016 00:00;107,56
07.09.2016 00:00;108,34
08.09.2016 00:00;105,28
09.09.2016 00:00;103,31
12.09.2016 00:00;105,49
13.09.2016 00:00;108,21
14.09.2016 00:00;111,73
15.09.2016 00:00;115,46
16.09.2016 00:00;114,97
19.09.2016 00:00;113,44
20.09.2016 00:00;113,67
21.09.2016 00:00;113,45
22.09.2016 00:00;114,62
23.09.2016 00:00;112,75
26.09.2016 00:00;112,93
27.09.2016 00:00;112,96
28.09.2016 00:00;113,94
29.09.2016 00:00;112,21
30.09.2016 00:00;113
03.10.2016 00:00;112,45
04.10.2016 00:00;112,98
05.10.2016 00:00;112,89
06.10.2016 00:00;113,87
07.10.2016 00:00;113,96
10.10.2016 00:00;116,03
11.10.2016 00:00;116,29
12.10.2016 00:00;117,43
13.10.2016 00:00;116,75
14.10.2016 00:00;117,52
17.10.2016 00:00;117,38
18.10.2016 00:00;117,47
19.10.2016 00:00;116,98
20.10.2016 00:00;117,13
21.10.2016 00:00;116,42
24.10.2016 00:00;117,49
25.10.2016 00:00;117,97
26.10.2016 00:00;115,3
27.10.2016 00:00;114,14
28.10.2016 00:00;113,57
31.10.2016 00:00;113,5
01.11.2016 00:00;111,14
02.11.2016 00:00;111,61
03.11.2016 00:00;109,69
04.11.2016 00:00;108,78
07.11.2016 00:00;110,35
08.11.2016 00:00;111,01
09.11.2016 00:00;110,57
10.11.2016 00:00;107,58
11.11.2016 00:00;108,44
14.11.2016 00:00;105,56
15.11.2016 00:00;107,15
16.11.2016 00:00;109,82
17.11.2016 00:00;109,77
18.11.2016 00:00;109,87
21.11.2016 00:00;111,84
22.11.2016 00:00;111,72
23.11.2016 00:00;110,96
25.11.2016 00:00;111,64
28.11.2016 00:00;111,47
29.11.2016 00:00;111,16
30.11.2016 00:00;110,57
01.12.2016 00:00;109,31
02.12.2016 00:00;109,67
05.12.2016 00:00;109
06.12.2016 00:00;109,77
07.12.2016 00:00;110,92
08.12.2016 00:00;111,99
09.12.2016 00:00;113,92
12.12.2016 00:00;113,16
13.12.2016 00:00;115,29
14.12.2016 00:00;115,19
15.12.2016 00:00;115,9
16.12.2016 00:00;115,9
19.12.2016 00:00;116,38
20.12.2016 00:00;116,78
21.12.2016 00:00;116,97
22.12.2016 00:00;115,96
23.12.2016 00:00;116,34
27.12.2016 00:00;117,19
28.12.2016 00:00;116,67
29.12.2016 00:00;116,61
30.12.2016 00:00;115,48
03.01.2017 00:00;115,86
04.01.2017 00:00;115,95
05.01.2017 00:00;116,53
06.01.2017 00:00;117,91
09.01.2017 00:00;118,96
10.01.2017 00:00;119,02
11.01.2017 00:00;119,59
12.01.2017 00:00;118,98
13.01.2017 00:00;118,81
17.01.2017 00:00;119,86
18.01.2017 00:00;119,91
19.01.2017 00:00;119,68
20.01.2017 00:00;119,88
23.01.2017 00:00;120,01
24.01.2017 00:00;119,9
25.01.2017 00:00;121,9
26.01.2017 00:00;121,91
27.01.2017 00:00;121,85
30.01.2017 00:00;121,46
31.01.2017 00:00;121,05
01.02.2017 00:00;128,91
02.02.2017 00:00;128,45
03.02.2017 00:00;128,94
06.02.2017 00:00;130,25
07.02.2017 00:00;131,36
08.02.2017 00:00;132,08
09.02.2017 00:00;132,33
10.02.2017 00:00;132,01
13.02.2017 00:00;133,26
14.02.2017 00:00;134,96
15.02.2017 00:00;135,34
16.02.2017 00:00;135,18
17.02.2017 00:00;135,49
21.02.2017 00:00;136,6
22.02.2017 00:00;136,96
23.02.2017 00:00;136,33
24.02.2017 00:00;136,4
27.02.2017 00:00;136,77
28.02.2017 00:00;136,88
01.03.2017 00:00;139,87
02.03.2017 00:00;138,93
03.03.2017 00:00;139,68
06.03.2017 00:00;139,43
07.03.2017 00:00;139,3
08.03.2017 00:00;138,81
09.03.2017 00:00;138,49
10.03.2017 00:00;139,12
13.03.2017 00:00;139,09
14.03.2017 00:00;138,95
15.03.2017 00:00;140,65
16.03.2017 00:00;140,5
17.03.2017 00:00;139,98
20.03.2017 00:00;141,2
21.03.2017 00:00;139,99
22.03.2017 00:00;141,3
23.03.2017 00:00;140,67
24.03.2017 00:00;140,76
27.03.2017 00:00;140,88
28.03.2017 00:00;143,81
29.03.2017 00:00;143,96
30.03.2017 00:00;143,73
31.03.2017 00:00;143,73
03.04.2017 00:00;143,67
04.04.2017 00:00;144,73
05.04.2017 00:00;144,16
06.04.2017 00:00;143,42
07.04.2017 00:00;143,32
10.04.2017 00:00;142,88
11.04.2017 00:00;141,32
12.04.2017 00:00;141,62
13.04.2017 00:00;141,28
17.04.2017 00:00;141,71
18.04.2017 00:00;141,17
19.04.2017 00:00;140,5
20.04.2017 00:00;142,66
21.04.2017 00:00;142,09
24.04.2017 00:00;143,53
25.04.2017 00:00;144,51
26.04.2017 00:00;143,34
27.04.2017 00:00;143,62
28.04.2017 00:00;143,62
01.05.2017 00:00;146,78
02.05.2017 00:00;147,39
03.05.2017 00:00;147,14
04.05.2017 00:00;146,57
05.05.2017 00:00;148,81
08.05.2017 00:00;152,9
09.05.2017 00:00;153,76
10.05.2017 00:00;153,08
11.05.2017 00:00;153,85
12.05.2017 00:00;155,84
15.05.2017 00:00;155,46
16.05.2017 00:00;155,31
17.05.2017 00:00;150,12
18.05.2017 00:00;152,52
19.05.2017 00:00;152,78
22.05.2017 00:00;153,86
23.05.2017 00:00;153,48
24.05.2017 00:00;153,14
25.05.2017 00:00;153,69
26.05.2017 00:00;153,38
30.05.2017 00:00;153,55
31.05.2017 00:00;152,48
01.06.2017 00:00;152,82
02.06.2017 00:00;155,22
05.06.2017 00:00;153,77
06.06.2017 00:00;154,42
07.06.2017 00:00;155,42
08.06.2017 00:00;154,97
09.06.2017 00:00;148,09
12.06.2017 00:00;144,96
13.06.2017 00:00;146,37
14.06.2017 00:00;145,21
15.06.2017 00:00;144,02
16.06.2017 00:00;142,26
19.06.2017 00:00;146,31
20.06.2017 00:00;144,88
21.06.2017 00:00;145,73
22.06.2017 00:00;145,5
23.06.2017 00:00;146,3
26.06.2017 00:00;145,82
27.06.2017 00:00;143,86
28.06.2017 00:00;145,85
29.06.2017 00:00;143,74
30.06.2017 00:00;144,35
03.07.2017 00:00;143,44
05.07.2017 00:00;144,08
06.07.2017 00:00;142,78
07.07.2017 00:00;144,16
10.07.2017 00:00;145,1
11.07.2017 00:00;145,51
12.07.2017 00:00;145,72
13.07.2017 00:00;147,87
14.07.2017 00:00;149,11
17.07.2017 00:00;149,53
18.07.2017 00:00;149,89
19.07.2017 00:00;150,73
20.07.2017 00:00;150,53
21.07.2017 00:00;150,1
24.07.2017 00:00;152,17
25.07.2017 00:00;152,66
26.07.2017 00:00;153,23
27.07.2017 00:00;150,25
28.07.2017 00:00;149,34
31.07.2017 00:00;148,65
01.08.2017 00:00;149,62
02.08.2017 00:00;157,42
03.08.2017 00:00;155,43
04.08.2017 00:00;156,07
07.08.2017 00:00;158,67
08.08.2017 00:00;159,75
09.08.2017 00:00;160,88
10.08.2017 00:00;155,32
11.08.2017 00:00;157,38
14.08.2017 00:00;159,93
15.08.2017 00:00;161,61
16.08.2017 00:00;160,71
17.08.2017 00:00;158,01
18.08.2017 00:00;157,54
21.08.2017 00:00;157,18
22.08.2017 00:00;159,74
23.08.2017 00:00;160,04
24.08.2017 00:00;159,23
25.08.2017 00:00;159,74
28.08.2017 00:00;161,28
29.08.2017 00:00;162,91
30.08.2017 00:00;163,18
31.08.2017 00:00;164,07
01.09.2017 00:00;163,99
05.09.2017 00:00;161,97
06.09.2017 00:00;161,75
07.09.2017 00:00;161,11
08.09.2017 00:00;158,49
11.09.2017 00:00;161,25
12.09.2017 00:00;160,47
13.09.2017 00:00;159,44
14.09.2017 00:00;158,06
15.09.2017 00:00;159,86
18.09.2017 00:00;158,79
19.09.2017 00:00;158,52
20.09.2017 00:00;155,92
21.09.2017 00:00;153,35
22.09.2017 00:00;151,64
25.09.2017 00:00;150,12
26.09.2017 00:00;153,02
27.09.2017 00:00;154,24
28.09.2017 00:00;152,98
29.09.2017 00:00;153,91
02.10.2017 00:00;153,71
03.10.2017 00:00;154,23
04.10.2017 00:00;153,25
05.10.2017 00:00;155,16
06.10.2017 00:00;155,05
09.10.2017 00:00;155,77
10.10.2017 00:00;155,57
11.10.2017 00:00;156,36
12.10.2017 00:00;155,68
13.10.2017 00:00;156,78
16.10.2017 00:00;159,71
17.10.2017 00:00;160,34
18.10.2017 00:00;159,52
19.10.2017 00:00;155,81
20.10.2017 00:00;156,03
23.10.2017 00:00;155,93
24.10.2017 00:00;156,8
25.10.2017 00:00;156,27
26.10.2017 00:00;157,4
27.10.2017 00:00;162,95
30.10.2017 00:00;166,83
31.10.2017 00:00;168,74
01.11.2017 00:00;166,68
02.11.2017 00:00;168,17
03.11.2017 00:00;172,33
06.11.2017 00:00;174,37
07.11.2017 00:00;174,64
08.11.2017 00:00;175,96
09.11.2017 00:00;175,65
10.11.2017 00:00;174,78
13.11.2017 00:00;173,74
14.11.2017 00:00;171,46
15.11.2017 00:00;168,73
16.11.2017 00:00;171,38
17.11.2017 00:00;169,92
20.11.2017 00:00;169,89
21.11.2017 00:00;172,9
22.11.2017 00:00;174,88
24.11.2017 00:00;174,91
27.11.2017 00:00;173,98
28.11.2017 00:00;172,86
29.11.2017 00:00;169,34
30.11.2017 00:00;171,96
01.12.2017 00:00;170,98
04.12.2017 00:00;169,83
05.12.2017 00:00;169,53
06.12.2017 00:00;168,93
07.12.2017 00:00;169,39
08.12.2017 00:00;168,9
11.12.2017 00:00;172,54
12.12.2017 00:00;171,62
13.12.2017 00:00;172,4
14.12.2017 00:00;172,19
15.12.2017 00:00;173,81
18.12.2017 00:00;176,74
19.12.2017 00:00;174,4
20.12.2017 00:00;174,36
21.12.2017 00:00;174,87
22.12.2017 00:00;174,92
26.12.2017 00:00;170,25
27.12.2017 00:00;170,35
28.12.2017 00:00;170,77
29.12.2017 00:00;169,32
02.01.2018 00:00;172,12
03.01.2018 00:00;172,16
04.01.2018 00:00;173,05
05.01.2018 00:00;175,01
08.01.2018 00:00;174,35
09.01.2018 00:00;174,26
10.01.2018 00:00;174,01
11.01.2018 00:00;175,15
12.01.2018 00:00;177,04
16.01.2018 00:00;176,33
17.01.2018 00:00;179,03
18.01.2018 00:00;179,13
19.01.2018 00:00;178,15
22.01.2018 00:00;176,71
23.01.2018 00:00;176,97
24.01.2018 00:00;173,94
25.01.2018 00:00;170,86
26.01.2018 00:00;171,35
