07.08.2009 00:00;5430
10.08.2009 00:00;5435
11.08.2009 00:00;5314,5
12.08.2009 00:00;5361
13.08.2009 00:00;5400
14.08.2009 00:00;5309
17.08.2009 00:00;5235
18.08.2009 00:00;5220
19.08.2009 00:00;5288
20.08.2009 00:00;5289
21.08.2009 00:00;5493
24.08.2009 00:00;5469
25.08.2009 00:00;5550
26.08.2009 00:00;5514
27.08.2009 00:00;5506,5
28.08.2009 00:00;5480
31.08.2009 00:00;5504
01.09.2009 00:00;5329
02.09.2009 00:00;5309
03.09.2009 00:00;5323
04.09.2009 00:00;5415
07.09.2009 00:00;5473
08.09.2009 00:00;5462
09.09.2009 00:00;5592,5
10.09.2009 00:00;5610
11.09.2009 00:00;5570
14.09.2009 00:00;5625,5
15.09.2009 00:00;5650
16.09.2009 00:00;5735
17.09.2009 00:00;5718,5
18.09.2009 00:00;5709,5
21.09.2009 00:00;5704
22.09.2009 00:00;5712
23.09.2009 00:00;5679
24.09.2009 00:00;5622,5
25.09.2009 00:00;5566
28.09.2009 00:00;5734
29.09.2009 00:00;5719,5
30.09.2009 00:00;5679
01.10.2009 00:00;5522
02.10.2009 00:00;5470,5
05.10.2009 00:00;5520
06.10.2009 00:00;5640
07.10.2009 00:00;5721
08.10.2009 00:00;5714
09.10.2009 00:00;5733
12.10.2009 00:00;5773
13.10.2009 00:00;5785
14.10.2009 00:00;5862
15.10.2009 00:00;5865
16.10.2009 00:00;5769,5
19.10.2009 00:00;5857,5
20.10.2009 00:00;5828
21.10.2009 00:00;5772,5
22.10.2009 00:00;5832
23.10.2009 00:00;5775
26.10.2009 00:00;5656
27.10.2009 00:00;5621
28.10.2009 00:00;5466
29.10.2009 00:00;5599,5
30.10.2009 00:00;5413
02.11.2009 00:00;5387,5
03.11.2009 00:00;5385
04.11.2009 00:00;5383
05.11.2009 00:00;5480
06.11.2009 00:00;5528,5
09.11.2009 00:00;5635
10.11.2009 00:00;5657
11.11.2009 00:00;5654,5
12.11.2009 00:00;5671,5
13.11.2009 00:00;5735
16.11.2009 00:00;5787
17.11.2009 00:00;5809,5
18.11.2009 00:00;5800
19.11.2009 00:00;5736
20.11.2009 00:00;5711
23.11.2009 00:00;5759
24.11.2009 00:00;5830
25.11.2009 00:00;5775
26.11.2009 00:00;5561
27.11.2009 00:00;5694
30.11.2009 00:00;5675
01.12.2009 00:00;5775
02.12.2009 00:00;5830
03.12.2009 00:00;5744
04.12.2009 00:00;5796
07.12.2009 00:00;5795
08.12.2009 00:00;5670
09.12.2009 00:00;5648
10.12.2009 00:00;5720
11.12.2009 00:00;5824
14.12.2009 00:00;5828
15.12.2009 00:00;5812,5
16.12.2009 00:00;5857,5
17.12.2009 00:00;5861
18.12.2009 00:00;5866
21.12.2009 00:00;5941,5
22.12.2009 00:00;5995
23.12.2009 00:00;6035
28.12.2009 00:00;6037
29.12.2009 00:00;6014
30.12.2009 00:00;6003
04.01.2010 00:00;6032
05.01.2010 00:00;6035
06.01.2010 00:00;6027,5
07.01.2010 00:00;6060
08.01.2010 00:00;6085
11.01.2010 00:00;6056
12.01.2010 00:00;5945,5
13.01.2010 00:00;6011,5
14.01.2010 00:00;5995,5
15.01.2010 00:00;5910
18.01.2010 00:00;5905
19.01.2010 00:00;5966
20.01.2010 00:00;5906
21.01.2010 00:00;5726
22.01.2010 00:00;5618
25.01.2010 00:00;5557
26.01.2010 00:00;5618,5
27.01.2010 00:00;5708
28.01.2010 00:00;5560
29.01.2010 00:00;5565
01.02.2010 00:00;5642
02.02.2010 00:00;5739,5
03.02.2010 00:00;5695
04.02.2010 00:00;5536
05.02.2010 00:00;5443,5
08.02.2010 00:00;5465
09.02.2010 00:00;5535
10.02.2010 00:00;5568
11.02.2010 00:00;5569
12.02.2010 00:00;5525
15.02.2010 00:00;5532
16.02.2010 00:00;5626,5
17.02.2010 00:00;5654
18.02.2010 00:00;5640
19.02.2010 00:00;5725
22.02.2010 00:00;5705
23.02.2010 00:00;5635
24.02.2010 00:00;5596,5
25.02.2010 00:00;5597
26.02.2010 00:00;5642
01.03.2010 00:00;5725
02.03.2010 00:00;5763,5
03.03.2010 00:00;5775
04.03.2010 00:00;5815
05.03.2010 00:00;5910
08.03.2010 00:00;5875,5
09.03.2010 00:00;5896
10.03.2010 00:00;5920
11.03.2010 00:00;5945,5
12.03.2010 00:00;5939
15.03.2010 00:00;5948,5
16.03.2010 00:00;5998,5
17.03.2010 00:00;6012
18.03.2010 00:00;6046
19.03.2010 00:00;5968
22.03.2010 00:00;5996
23.03.2010 00:00;6038,5
24.03.2010 00:00;6053
25.03.2010 00:00;6114
26.03.2010 00:00;6145,5
29.03.2010 00:00;6165,5
30.03.2010 00:00;6158
31.03.2010 00:00;6194
01.04.2010 00:00;6260
06.04.2010 00:00;6264
07.04.2010 00:00;6210
08.04.2010 00:00;6212,5
09.04.2010 00:00;6291
12.04.2010 00:00;6240
13.04.2010 00:00;6272
14.04.2010 00:00;6291
15.04.2010 00:00;6265
16.04.2010 00:00;6165
19.04.2010 00:00;6194
20.04.2010 00:00;6288,5
21.04.2010 00:00;6234
22.04.2010 00:00;6209
23.04.2010 00:00;6288,5
26.04.2010 00:00;6329,5
27.04.2010 00:00;6149
28.04.2010 00:00;6084
29.04.2010 00:00;6145
30.04.2010 00:00;6112,5
03.05.2010 00:00;6182
04.05.2010 00:00;6023,5
05.05.2010 00:00;5963
06.05.2010 00:00;5749
07.05.2010 00:00;5852
10.05.2010 00:00;5943
11.05.2010 00:00;6025
12.05.2010 00:00;6225
13.05.2010 00:00;6238
14.05.2010 00:00;5997,5
17.05.2010 00:00;6115
18.05.2010 00:00;6083
19.05.2010 00:00;5999
20.05.2010 00:00;5831
21.05.2010 00:00;5818,5
24.05.2010 00:00;5658,5
25.05.2010 00:00;5722
26.05.2010 00:00;5752,5
27.05.2010 00:00;5949
28.05.2010 00:00;5967,5
31.05.2010 00:00;5934
01.06.2010 00:00;5921
02.06.2010 00:00;6070
03.06.2010 00:00;6055,5
04.06.2010 00:00;5861,5
07.06.2010 00:00;5898,5
08.06.2010 00:00;5889
09.06.2010 00:00;5951
10.06.2010 00:00;6069
11.06.2010 00:00;6105
14.06.2010 00:00;6103
15.06.2010 00:00;6200
16.06.2010 00:00;6181,5
17.06.2010 00:00;6240
18.06.2010 00:00;6304
21.06.2010 00:00;6281
22.06.2010 00:00;6232
23.06.2010 00:00;6235
24.06.2010 00:00;6142
25.06.2010 00:00;6100
28.06.2010 00:00;6089
29.06.2010 00:00;5967
30.06.2010 00:00;5883
01.07.2010 00:00;5890,5
02.07.2010 00:00;5834
05.07.2010 00:00;5848,5
06.07.2010 00:00;5902,5
07.07.2010 00:00;6046
08.07.2010 00:00;6080
09.07.2010 00:00;6079
12.07.2010 00:00;6090
13.07.2010 00:00;6240
14.07.2010 00:00;6218
15.07.2010 00:00;6155,5
16.07.2010 00:00;6050,5
19.07.2010 00:00;6034,5
20.07.2010 00:00;6009,5
21.07.2010 00:00;5970
22.07.2010 00:00;6140
23.07.2010 00:00;6213
26.07.2010 00:00;6201,5
27.07.2010 00:00;6245
28.07.2010 00:00;6190
29.07.2010 00:00;6120,5
30.07.2010 00:00;6185,5
02.08.2010 00:00;6295,5
03.08.2010 00:00;6289
04.08.2010 00:00;6348
05.08.2010 00:00;6361
06.08.2010 00:00;6329,5
09.08.2010 00:00;6340
10.08.2010 00:00;6277
11.08.2010 00:00;6134,5
12.08.2010 00:00;6160
13.08.2010 00:00;6127
16.08.2010 00:00;6143
17.08.2010 00:00;6175,5
18.08.2010 00:00;6200,5
19.08.2010 00:00;6073
20.08.2010 00:00;6020
23.08.2010 00:00;5991,5
24.08.2010 00:00;5909
25.08.2010 00:00;5923
26.08.2010 00:00;5895,5
27.08.2010 00:00;5977
30.08.2010 00:00;5850,5
31.08.2010 00:00;5932
01.09.2010 00:00;6057
02.09.2010 00:00;6097
03.09.2010 00:00;6175
06.09.2010 00:00;6152,5
07.09.2010 00:00;6104
08.09.2010 00:00;6144
09.09.2010 00:00;6202
10.09.2010 00:00;6268,5
13.09.2010 00:00;6253,5
14.09.2010 00:00;6280,5
15.09.2010 00:00;6254,5
16.09.2010 00:00;6310
17.09.2010 00:00;6248
20.09.2010 00:00;6303,5
21.09.2010 00:00;6313
22.09.2010 00:00;6263,5
23.09.2010 00:00;6182
24.09.2010 00:00;6332,5
27.09.2010 00:00;6290
28.09.2010 00:00;6286
29.09.2010 00:00;6231,5
30.09.2010 00:00;6250
01.10.2010 00:00;6217
04.10.2010 00:00;6164
05.10.2010 00:00;6254
06.10.2010 00:00;6260,5
07.10.2010 00:00;6293
08.10.2010 00:00;6305
11.10.2010 00:00;6278
12.10.2010 00:00;6329,5
13.10.2010 00:00;6460
14.10.2010 00:00;6486
15.10.2010 00:00;6476
18.10.2010 00:00;6516,5
19.10.2010 00:00;6499,5
20.10.2010 00:00;6538
21.10.2010 00:00;6604
22.10.2010 00:00;6625
25.10.2010 00:00;6645
26.10.2010 00:00;6641,5
27.10.2010 00:00;6605
28.10.2010 00:00;6615
29.10.2010 00:00;6668
01.11.2010 00:00;6594
02.11.2010 00:00;6669,5
03.11.2010 00:00;6654,5
04.11.2010 00:00;6756
05.11.2010 00:00;6771
08.11.2010 00:00;6768,5
09.11.2010 00:00;6766
10.11.2010 00:00;6763,5
11.11.2010 00:00;6749
12.11.2010 00:00;6723,5
15.11.2010 00:00;6785,5
16.11.2010 00:00;6674
17.11.2010 00:00;6703,5
18.11.2010 00:00;6839,5
19.11.2010 00:00;6870
22.11.2010 00:00;6846,5
23.11.2010 00:00;6724
24.11.2010 00:00;6852
25.11.2010 00:00;6878
26.11.2010 00:00;6839,5
29.11.2010 00:00;6750,5
30.11.2010 00:00;6709
01.12.2010 00:00;6886,5
02.12.2010 00:00;6966
03.12.2010 00:00;6970,5
06.12.2010 00:00;6956
07.12.2010 00:00;6990
08.12.2010 00:00;6986,5
09.12.2010 00:00;6983
10.12.2010 00:00;7024
13.12.2010 00:00;7036,5
14.12.2010 00:00;7044
15.12.2010 00:00;7023
16.12.2010 00:00;7046,5
17.12.2010 00:00;7014,5
20.12.2010 00:00;7046
21.12.2010 00:00;7099
22.12.2010 00:00;7094,5
23.12.2010 00:00;7073,5
27.12.2010 00:00;6994
28.12.2010 00:00;6990
29.12.2010 00:00;7005
30.12.2010 00:00;6929
03.01.2011 00:00;6986,5
04.01.2011 00:00;6989,5
05.01.2011 00:00;6966
06.01.2011 00:00;6993
07.01.2011 00:00;6965
10.01.2011 00:00;6875
11.01.2011 00:00;6953
12.01.2011 00:00;7092,5
13.01.2011 00:00;7055
14.01.2011 00:00;7107
17.01.2011 00:00;7086,5
18.01.2011 00:00;7156
19.01.2011 00:00;7092,5
20.01.2011 00:00;7063,5
21.01.2011 00:00;7078,5
24.01.2011 00:00;7097
25.01.2011 00:00;7087
26.01.2011 00:00;7147
27.01.2011 00:00;7177
28.01.2011 00:00;7097
31.01.2011 00:00;7104,5
01.02.2011 00:00;7198
02.02.2011 00:00;7187,5
03.02.2011 00:00;7221,5
04.02.2011 00:00;7231
07.02.2011 00:00;7284
08.02.2011 00:00;7339,5
09.02.2011 00:00;7341
10.02.2011 00:00;7352,5
11.02.2011 00:00;7398
14.02.2011 00:00;7418
15.02.2011 00:00;7399,5
16.02.2011 00:00;7427
17.02.2011 00:00;7413,5
18.02.2011 00:00;7423
21.02.2011 00:00;7330
22.02.2011 00:00;7272
23.02.2011 00:00;7175,5
24.02.2011 00:00;7128
25.02.2011 00:00;7188,5
28.02.2011 00:00;7291,5
01.03.2011 00:00;7175,5
02.03.2011 00:00;7190
03.03.2011 00:00;7274,5
04.03.2011 00:00;7173,5
07.03.2011 00:00;7161
08.03.2011 00:00;7170,5
09.03.2011 00:00;7137
10.03.2011 00:00;7035
11.03.2011 00:00;7006
14.03.2011 00:00;6892,5
15.03.2011 00:00;6628,5
16.03.2011 00:00;6437,5
17.03.2011 00:00;6653,5
18.03.2011 00:00;6812
21.03.2011 00:00;6840,5
22.03.2011 00:00;6787
23.03.2011 00:00;6822,5
24.03.2011 00:00;6996
25.03.2011 00:00;6951
28.03.2011 00:00;6953
29.03.2011 00:00;7022,5
30.03.2011 00:00;7092,5
31.03.2011 00:00;7098,5
01.04.2011 00:00;7195,5
04.04.2011 00:00;7209
05.04.2011 00:00;7213,5
06.04.2011 00:00;7222,5
07.04.2011 00:00;7239,5
08.04.2011 00:00;7210
11.04.2011 00:00;7215
12.04.2011 00:00;7131
13.04.2011 00:00;7188
14.04.2011 00:00;7192
15.04.2011 00:00;7194,5
18.04.2011 00:00;7059,5
19.04.2011 00:00;7085
20.04.2011 00:00;7276
21.04.2011 00:00;7319
26.04.2011 00:00;7390,5
27.04.2011 00:00;7475,5
28.04.2011 00:00;7507,5
29.04.2011 00:00;7546,5
02.05.2011 00:00;7533
03.05.2011 00:00;7495
04.05.2011 00:00;7404,5
05.05.2011 00:00;7376
06.05.2011 00:00;7435,5
09.05.2011 00:00;7448,5
10.05.2011 00:00;7541,5
11.05.2011 00:00;7471
12.05.2011 00:00;7492
13.05.2011 00:00;7391
16.05.2011 00:00;7350
17.05.2011 00:00;7291,5
18.05.2011 00:00;7348,5
19.05.2011 00:00;7386,5
20.05.2011 00:00;7245,5
23.05.2011 00:00;7122
24.05.2011 00:00;7135
25.05.2011 00:00;7196
26.05.2011 00:00;7166,5
27.05.2011 00:00;7150,5
30.05.2011 00:00;7173,5
31.05.2011 00:00;7326,5
01.06.2011 00:00;7155
02.06.2011 00:00;7099,5
03.06.2011 00:00;7113,5
06.06.2011 00:00;7046
07.06.2011 00:00;7090,5
08.06.2011 00:00;7037
09.06.2011 00:00;7180
10.06.2011 00:00;7067
13.06.2011 00:00;7099,5
14.06.2011 00:00;7233,5
15.06.2011 00:00;7114
16.06.2011 00:00;7112
17.06.2011 00:00;7198
20.06.2011 00:00;7188,5
21.06.2011 00:00;7323
22.06.2011 00:00;7283,5
23.06.2011 00:00;7227
24.06.2011 00:00;7133
27.06.2011 00:00;7161
28.06.2011 00:00;7228
29.06.2011 00:00;7326
30.06.2011 00:00;7410
01.07.2011 00:00;7465
05.07.2011 00:00;7462,5
06.07.2011 00:00;7465,5
07.07.2011 00:00;7521
08.07.2011 00:00;7448,5
11.07.2011 00:00;7216,5
12.07.2011 00:00;7164,5
13.07.2011 00:00;7250
14.07.2011 00:00;7188,5
15.07.2011 00:00;7246,5
18.07.2011 00:00;7149
19.07.2011 00:00;7243,5
20.07.2011 00:00;7239,5
21.07.2011 00:00;7329,5
22.07.2011 00:00;7347
25.07.2011 00:00;7358
26.07.2011 00:00;7347,5
27.07.2011 00:00;7215,5
28.07.2011 00:00;7154,5
29.07.2011 00:00;7147,5
01.08.2011 00:00;6980
02.08.2011 00:00;6722
03.08.2011 00:00;6711,5
04.08.2011 00:00;6269,5
05.08.2011 00:00;6322,5
08.08.2011 00:00;5740
09.08.2011 00:00;5952,5
10.08.2011 00:00;5618
11.08.2011 00:00;5890,5
12.08.2011 00:00;6010
15.08.2011 00:00;6067,5
16.08.2011 00:00;5946
17.08.2011 00:00;5911
18.08.2011 00:00;5602,5
19.08.2011 00:00;5427
22.08.2011 00:00;5441
23.08.2011 00:00;5616
24.08.2011 00:00;5722,5
25.08.2011 00:00;5520,5
26.08.2011 00:00;5557,5
29.08.2011 00:00;5706
30.08.2011 00:00;5679,5
31.08.2011 00:00;5768
01.09.2011 00:00;5672,5
02.09.2011 00:00;5512
05.09.2011 00:00;5227
06.09.2011 00:00;5262,5
07.09.2011 00:00;5441
08.09.2011 00:00;5347,5
09.09.2011 00:00;5167
12.09.2011 00:00;5137,5
13.09.2011 00:00;5199,5
14.09.2011 00:00;5425
15.09.2011 00:00;5585,5
16.09.2011 00:00;5612,5
19.09.2011 00:00;5469,5
20.09.2011 00:00;5534
21.09.2011 00:00;5371,5
22.09.2011 00:00;5169,5
23.09.2011 00:00;5217,5
26.09.2011 00:00;5412,5
27.09.2011 00:00;5576,5
28.09.2011 00:00;5501,5
29.09.2011 00:00;5638
30.09.2011 00:00;5456
03.10.2011 00:00;5290,5
04.10.2011 00:00;5300,5
05.10.2011 00:00;5515
06.10.2011 00:00;5679
07.10.2011 00:00;5652,5
10.10.2011 00:00;5872
11.10.2011 00:00;5871,5
12.10.2011 00:00;5993,5
13.10.2011 00:00;5960
14.10.2011 00:00;5988,5
17.10.2011 00:00;5827,5
18.10.2011 00:00;5990,5
19.10.2011 00:00;5863,5
20.10.2011 00:00;5791
21.10.2011 00:00;5991,5
24.10.2011 00:00;6056,5
25.10.2011 00:00;6019,5
26.10.2011 00:00;6060
27.10.2011 00:00;6411
28.10.2011 00:00;6357
31.10.2011 00:00;6133
01.11.2011 00:00;5835
02.11.2011 00:00;5957
03.11.2011 00:00;6178,5
04.11.2011 00:00;5992,5
07.11.2011 00:00;5989,5
08.11.2011 00:00;6087,5
09.11.2011 00:00;5737
10.11.2011 00:00;5905
11.11.2011 00:00;6056
14.11.2011 00:00;5951
15.11.2011 00:00;5975
16.11.2011 00:00;5847
17.11.2011 00:00;5780
18.11.2011 00:00;5807
21.11.2011 00:00;5637
22.11.2011 00:00;5568,5
23.11.2011 00:00;5491,5
24.11.2011 00:00;5436,5
25.11.2011 00:00;5459
28.11.2011 00:00;5715
29.11.2011 00:00;5789,5
30.11.2011 00:00;6125
01.12.2011 00:00;6058,5
02.12.2011 00:00;6051
05.12.2011 00:00;6080
06.12.2011 00:00;6065,5
07.12.2011 00:00;6055
08.12.2011 00:00;5832
09.12.2011 00:00;6004,5
12.12.2011 00:00;5799
13.12.2011 00:00;5712
14.12.2011 00:00;5691
15.12.2011 00:00;5725,5
16.12.2011 00:00;5678
19.12.2011 00:00;5629,5
20.12.2011 00:00;5880
21.12.2011 00:00;5826,5
22.12.2011 00:00;5882,5
23.12.2011 00:00;5895,5
26.12.2011 00:00;5906,5
27.12.2011 00:00;5899,5
28.12.2011 00:00;5791
29.12.2011 00:00;5879,5
30.12.2011 00:00;5895,5
02.01.2012 00:00;6061
03.01.2012 00:00;6157,5
04.01.2012 00:00;6132
05.01.2012 00:00;6127,5
06.01.2012 00:00;6049
09.01.2012 00:00;6044
10.01.2012 00:00;6160
11.01.2012 00:00;6174,5
12.01.2012 00:00;6224,5
13.01.2012 00:00;6138,5
16.01.2012 00:00;6207
17.01.2012 00:00;6308,5
18.01.2012 00:00;6393,5
19.01.2012 00:00;6412
20.01.2012 00:00;6430,5
23.01.2012 00:00;6437,5
24.01.2012 00:00;6424
25.01.2012 00:00;6471,5
26.01.2012 00:00;6520,5
27.01.2012 00:00;6533
30.01.2012 00:00;6470
31.01.2012 00:00;6487,5
01.02.2012 00:00;6619,5
02.02.2012 00:00;6666
03.02.2012 00:00;6792
06.02.2012 00:00;6767,5
07.02.2012 00:00;6765,5
08.02.2012 00:00;6796
09.02.2012 00:00;6803
10.02.2012 00:00;6685,5
13.02.2012 00:00;6752
14.02.2012 00:00;6727,5
15.02.2012 00:00;6726,5
16.02.2012 00:00;6797,5
17.02.2012 00:00;6868
20.02.2012 00:00;6957
21.02.2012 00:00;6883
22.02.2012 00:00;6840
23.02.2012 00:00;6831
24.02.2012 00:00;6857,5
27.02.2012 00:00;6846,5
28.02.2012 00:00;6891,5
29.02.2012 00:00;6863
01.03.2012 00:00;6957
02.03.2012 00:00;6924,5
05.03.2012 00:00;6884,5
06.03.2012 00:00;6618,5
07.03.2012 00:00;6675
08.03.2012 00:00;6867,5
09.03.2012 00:00;6885
12.03.2012 00:00;6932,5
13.03.2012 00:00;7061
14.03.2012 00:00;7094
15.03.2012 00:00;7164
16.03.2012 00:00;7173
19.03.2012 00:00;7167
20.03.2012 00:00;7086,5
21.03.2012 00:00;7075
22.03.2012 00:00;7001
23.03.2012 00:00;7023,5
26.03.2012 00:00;7120,5
27.03.2012 00:00;7087
28.03.2012 00:00;6989
29.03.2012 00:00;6924
30.03.2012 00:00;6967
02.04.2012 00:00;7083
03.04.2012 00:00;6970,5
04.04.2012 00:00;6802,5
05.04.2012 00:00;6770
06.04.2012 00:00;6763
10.04.2012 00:00;6581
11.04.2012 00:00;6675
12.04.2012 00:00;6768,5
13.04.2012 00:00;6576
16.04.2012 00:00;6650,5
17.04.2012 00:00;6804,5
18.04.2012 00:00;6739
19.04.2012 00:00;6667,5
20.04.2012 00:00;6729
23.04.2012 00:00;6561
24.04.2012 00:00;6580
25.04.2012 00:00;6703
26.04.2012 00:00;6773,5
27.04.2012 00:00;6812
30.04.2012 00:00;6782
01.05.2012 00:00;6784
02.05.2012 00:00;6752
03.05.2012 00:00;6678
04.05.2012 00:00;6545
07.05.2012 00:00;6589
08.05.2012 00:00;6510,5
09.05.2012 00:00;6481,5
10.05.2012 00:00;6508,5
11.05.2012 00:00;6532,5
14.05.2012 00:00;6429
15.05.2012 00:00;6374,5
16.05.2012 00:00;6355,5
17.05.2012 00:00;6265
18.05.2012 00:00;6227
21.05.2012 00:00;6363,5
22.05.2012 00:00;6375,5
23.05.2012 00:00;6365,5
24.05.2012 00:00;6296,5
25.05.2012 00:00;6316,5
28.05.2012 00:00;6342,5
29.05.2012 00:00;6416
30.05.2012 00:00;6279,5
31.05.2012 00:00;6272,5
01.06.2012 00:00;6030,5
04.06.2012 00:00;6001,5
05.06.2012 00:00;6000,5
06.06.2012 00:00;6133
07.06.2012 00:00;6126,5
08.06.2012 00:00;6161,5
11.06.2012 00:00;6102
12.06.2012 00:00;6194
13.06.2012 00:00;6126,5
14.06.2012 00:00;6145
15.06.2012 00:00;6270
18.06.2012 00:00;6246
19.06.2012 00:00;6358
20.06.2012 00:00;6389,5
21.06.2012 00:00;6272
22.06.2012 00:00;6291
25.06.2012 00:00;6138
26.06.2012 00:00;6166
27.06.2012 00:00;6232,5
28.06.2012 00:00;6184,5
29.06.2012 00:00;6431
02.07.2012 00:00;6523,5
03.07.2012 00:00;6585
04.07.2012 00:00;6570
05.07.2012 00:00;6525
06.07.2012 00:00;6431
09.07.2012 00:00;6408,5
10.07.2012 00:00;6413,5
11.07.2012 00:00;6474
12.07.2012 00:00;6446
13.07.2012 00:00;6570
16.07.2012 00:00;6558,5
17.07.2012 00:00;6614
18.07.2012 00:00;6688,5
19.07.2012 00:00;6763,5
20.07.2012 00:00;6633,5
23.07.2012 00:00;6434
24.07.2012 00:00;6368
25.07.2012 00:00;6408,5
26.07.2012 00:00;6575,5
27.07.2012 00:00;6785,5
30.07.2012 00:00;6763,5
31.07.2012 00:00;6759
01.08.2012 00:00;6748
02.08.2012 00:00;6593
03.08.2012 00:00;6863
06.08.2012 00:00;6908
07.08.2012 00:00;6961,5
08.08.2012 00:00;6952
09.08.2012 00:00;6950
10.08.2012 00:00;6967
13.08.2012 00:00;6931,5
14.08.2012 00:00;6960
15.08.2012 00:00;6947
16.08.2012 00:00;7001
17.08.2012 00:00;7050
20.08.2012 00:00;7039
21.08.2012 00:00;7063,5
22.08.2012 00:00;7044,5
23.08.2012 00:00;6946,5
24.08.2012 00:00;6965
27.08.2012 00:00;7017
28.08.2012 00:00;7000
29.08.2012 00:00;7004
30.08.2012 00:00;6900
31.08.2012 00:00;6958
03.09.2012 00:00;7013
04.09.2012 00:00;6956
05.09.2012 00:00;6961,5
06.09.2012 00:00;7163
07.09.2012 00:00;7229,5
10.09.2012 00:00;7190,5
11.09.2012 00:00;7298,5
12.09.2012 00:00;7339,5
13.09.2012 00:00;7386
14.09.2012 00:00;7393
17.09.2012 00:00;7391
18.09.2012 00:00;7358
19.09.2012 00:00;7381
20.09.2012 00:00;7398
21.09.2012 00:00;7445
24.09.2012 00:00;7424
25.09.2012 00:00;7355
26.09.2012 00:00;7288,5
27.09.2012 00:00;7331,5
28.09.2012 00:00;7242
01.10.2012 00:00;7280
02.10.2012 00:00;7317,5
03.10.2012 00:00;7321,5
04.10.2012 00:00;7330,5
05.10.2012 00:00;7365
08.10.2012 00:00;7306
09.10.2012 00:00;7222,5
10.10.2012 00:00;7197,5
11.10.2012 00:00;7256
12.10.2012 00:00;7247
15.10.2012 00:00;7299,5
16.10.2012 00:00;7385,5
17.10.2012 00:00;7391,5
18.10.2012 00:00;7422
19.10.2012 00:00;7353,5
22.10.2012 00:00;7348
23.10.2012 00:00;7193,5
24.10.2012 00:00;7167
25.10.2012 00:00;7216,5
26.10.2012 00:00;7243,5
29.10.2012 00:00;7200,5
30.10.2012 00:00;7283
31.10.2012 00:00;7264,5
01.11.2012 00:00;7343,5
02.11.2012 00:00;7322,5
05.11.2012 00:00;7343,5
06.11.2012 00:00;7400
07.11.2012 00:00;7262
08.11.2012 00:00;7189
09.11.2012 00:00;7153,5
12.11.2012 00:00;7180
13.11.2012 00:00;7125,5
14.11.2012 00:00;7043
15.11.2012 00:00;7033
16.11.2012 00:00;6992,5
19.11.2012 00:00;7123,5
20.11.2012 00:00;7169,5
21.11.2012 00:00;7187,5
22.11.2012 00:00;7245,5
23.11.2012 00:00;7310
26.11.2012 00:00;7314
27.11.2012 00:00;7323
28.11.2012 00:00;7374,5
29.11.2012 00:00;7394
30.11.2012 00:00;7419
03.12.2012 00:00;7423,5
04.12.2012 00:00;7445
05.12.2012 00:00;7472,5
06.12.2012 00:00;7551,5
07.12.2012 00:00;7527,5
10.12.2012 00:00;7536,5
11.12.2012 00:00;7585
12.12.2012 00:00;7602,5
13.12.2012 00:00;7580,5
14.12.2012 00:00;7596,5
17.12.2012 00:00;7617
18.12.2012 00:00;7670
19.12.2012 00:00;7656
20.12.2012 00:00;7696
21.12.2012 00:00;7662
24.12.2012 00:00;7662
27.12.2012 00:00;7662,5
28.12.2012 00:00;7625
02.01.2013 00:00;7788,5
03.01.2013 00:00;7748,5
04.01.2013 00:00;7779,5
07.01.2013 00:00;7734
08.01.2013 00:00;7705
09.01.2013 00:00;7714,5
10.01.2013 00:00;7731
11.01.2013 00:00;7725,5
14.01.2013 00:00;7739
15.01.2013 00:00;7697,5
16.01.2013 00:00;7685
17.01.2013 00:00;7730,5
18.01.2013 00:00;7729
21.01.2013 00:00;7750
22.01.2013 00:00;7717
23.01.2013 00:00;7716
24.01.2013 00:00;7742
25.01.2013 00:00;7872
28.01.2013 00:00;7838,5
29.01.2013 00:00;7854,5
30.01.2013 00:00;7796,5
31.01.2013 00:00;7775,5
01.02.2013 00:00;7840
04.02.2013 00:00;7628
05.02.2013 00:00;7658
06.02.2013 00:00;7594
07.02.2013 00:00;7606
08.02.2013 00:00;7651,5
11.02.2013 00:00;7626
12.02.2013 00:00;7658,5
13.02.2013 00:00;7707
14.02.2013 00:00;7643,5
15.02.2013 00:00;7597,5
18.02.2013 00:00;7628,5
19.02.2013 00:00;7751
20.02.2013 00:00;7705,5
21.02.2013 00:00;7601
22.02.2013 00:00;7693,5
25.02.2013 00:00;7635
26.02.2013 00:00;7638,5
27.02.2013 00:00;7710
28.02.2013 00:00;7744
01.03.2013 00:00;7714
04.03.2013 00:00;7731
05.03.2013 00:00;7843,5
06.03.2013 00:00;7937,5
07.03.2013 00:00;7942
08.03.2013 00:00;7989
11.03.2013 00:00;7995,5
12.03.2013 00:00;7972
13.03.2013 00:00;7982,5
14.03.2013 00:00;8058
15.03.2013 00:00;8048
18.03.2013 00:00;8003,5
19.03.2013 00:00;7958,5
20.03.2013 00:00;8004,5
21.03.2013 00:00;7931,5
22.03.2013 00:00;7946,5
25.03.2013 00:00;7896,5
26.03.2013 00:00;7908,5
27.03.2013 00:00;7823,5
28.03.2013 00:00;7836,5
02.04.2013 00:00;7925
03.04.2013 00:00;7876
04.04.2013 00:00;7844
05.04.2013 00:00;7685,5
08.04.2013 00:00;7696,5
09.04.2013 00:00;7672
10.04.2013 00:00;7824
11.04.2013 00:00;7851,5
12.04.2013 00:00;7793,5
15.04.2013 00:00;7663,5
16.04.2013 00:00;7715
17.04.2013 00:00;7531
18.04.2013 00:00;7475,5
19.04.2013 00:00;7469,5
22.04.2013 00:00;7504,5
23.04.2013 00:00;7677
24.04.2013 00:00;7760
25.04.2013 00:00;7821,5
26.04.2013 00:00;7837
29.04.2013 00:00;7916,5
30.04.2013 00:00;7933,5
02.05.2013 00:00;7972,5
03.05.2013 00:00;8123
06.05.2013 00:00;8125,5
07.05.2013 00:00;8188,5
08.05.2013 00:00;8256
09.05.2013 00:00;8250
10.05.2013 00:00;8300,5
13.05.2013 00:00;8285
14.05.2013 00:00;8350,5
15.05.2013 00:00;8362,5
16.05.2013 00:00;8345
17.05.2013 00:00;8455
20.05.2013 00:00;8441
21.05.2013 00:00;8462
22.05.2013 00:00;8459
23.05.2013 00:00;8381,5
24.05.2013 00:00;8330,5
27.05.2013 00:00;8387
28.05.2013 00:00;8461
29.05.2013 00:00;8361,5
30.05.2013 00:00;8395
31.05.2013 00:00;8307,5
03.06.2013 00:00;8335,5
04.06.2013 00:00;8270
05.06.2013 00:00;8165
06.06.2013 00:00;8149,5
07.06.2013 00:00;8257,5
10.06.2013 00:00;8287,5
11.06.2013 00:00;8165
12.06.2013 00:00;8108
13.06.2013 00:00;8162,5
14.06.2013 00:00;8094
17.06.2013 00:00;8189
18.06.2013 00:00;8238,5
19.06.2013 00:00;8130,5
20.06.2013 00:00;7899
21.06.2013 00:00;7838
24.06.2013 00:00;7733,5
25.06.2013 00:00;7837,5
26.06.2013 00:00;7958,5
27.06.2013 00:00;7980
28.06.2013 00:00;7949,5
01.07.2013 00:00;7952,5
02.07.2013 00:00;7888
03.07.2013 00:00;7848,5
04.07.2013 00:00;8002,5
05.07.2013 00:00;7861,5
08.07.2013 00:00;7975
09.07.2013 00:00;8078,5
10.07.2013 00:00;8073,5
11.07.2013 00:00;8188
12.07.2013 00:00;8222,5
15.07.2013 00:00;8237
16.07.2013 00:00;8197,5
17.07.2013 00:00;8253
18.07.2013 00:00;8327,5
19.07.2013 00:00;8332,5
22.07.2013 00:00;8325
23.07.2013 00:00;8323,5
24.07.2013 00:00;8364,5
25.07.2013 00:00;8341,5
26.07.2013 00:00;8286
29.07.2013 00:00;8271,5
30.07.2013 00:00;8255
31.07.2013 00:00;8268,5
01.08.2013 00:00;8444
02.08.2013 00:00;8419,5
05.08.2013 00:00;8398
06.08.2013 00:00;8277
07.08.2013 00:00;8263
08.08.2013 00:00;8338
09.08.2013 00:00;8353,5
12.08.2013 00:00;8358,5
13.08.2013 00:00;8442
14.08.2013 00:00;8436
15.08.2013 00:00;8362,5
16.08.2013 00:00;8381,5
19.08.2013 00:00;8334,5
20.08.2013 00:00;8297
21.08.2013 00:00;8290
22.08.2013 00:00;8420,5
23.08.2013 00:00;8423
26.08.2013 00:00;8407
27.08.2013 00:00;8205
28.08.2013 00:00;8145,5
29.08.2013 00:00;8169,5
30.08.2013 00:00;8104,5
02.09.2013 00:00;8232
03.09.2013 00:00;8177
04.09.2013 00:00;8204
05.09.2013 00:00;8230,5
06.09.2013 00:00;8252,5
09.09.2013 00:00;8307,5
10.09.2013 00:00;8470
11.09.2013 00:00;8504,5
12.09.2013 00:00;8479
13.09.2013 00:00;8513
16.09.2013 00:00;8603,5
17.09.2013 00:00;8616
18.09.2013 00:00;8746
19.09.2013 00:00;8685,5
20.09.2013 00:00;8660
23.09.2013 00:00;8642,5
24.09.2013 00:00;8661
25.09.2013 00:00;8656,5
26.09.2013 00:00;8675
27.09.2013 00:00;8673
30.09.2013 00:00;8605,5
01.10.2013 00:00;8692
02.10.2013 00:00;8651,5
03.10.2013 00:00;8588,5
04.10.2013 00:00;8640,5
07.10.2013 00:00;8580
08.10.2013 00:00;8524
09.10.2013 00:00;8536
10.10.2013 00:00;8732,5
11.10.2013 00:00;8739,5
14.10.2013 00:00;8755
15.10.2013 00:00;8782
16.10.2013 00:00;8851,5
17.10.2013 00:00;8827
18.10.2013 00:00;8854,5
21.10.2013 00:00;8863
22.10.2013 00:00;8946,5
23.10.2013 00:00;8922
24.10.2013 00:00;8971,5
25.10.2013 00:00;8987,5
28.10.2013 00:00;8987,5
29.10.2013 00:00;9032
30.10.2013 00:00;8999
31.10.2013 00:00;9026
01.11.2013 00:00;9026,5
04.11.2013 00:00;9058
05.11.2013 00:00;9011,5
06.11.2013 00:00;9040,5
07.11.2013 00:00;9015,5
08.11.2013 00:00;9095,5
11.11.2013 00:00;9118
12.11.2013 00:00;9077,5
13.11.2013 00:00;9104
14.11.2013 00:00;9145,5
15.11.2013 00:00;9177
18.11.2013 00:00;9200
19.11.2013 00:00;9184,5
20.11.2013 00:00;9161
21.11.2013 00:00;9215
22.11.2013 00:00;9219,5
25.11.2013 00:00;9287,5
26.11.2013 00:00;9305
27.11.2013 00:00;9354,5
28.11.2013 00:00;9390
29.11.2013 00:00;9405
02.12.2013 00:00;9386
03.12.2013 00:00;9231
04.12.2013 00:00;9142,5
05.12.2013 00:00;9079,5
06.12.2013 00:00;9202
09.12.2013 00:00;9182,5
10.12.2013 00:00;9117
11.12.2013 00:00;9042
12.12.2013 00:00;9006,5
13.12.2013 00:00;9033
16.12.2013 00:00;9162
17.12.2013 00:00;9104
18.12.2013 00:00;9276
19.12.2013 00:00;9364
20.12.2013 00:00;9409,5
23.12.2013 00:00;9508,5
27.12.2013 00:00;9597,5
30.12.2013 00:00;9612
02.01.2014 00:00;9407
03.01.2014 00:00;9432
06.01.2014 00:00;9443
07.01.2014 00:00;9506
08.01.2014 00:00;9492
09.01.2014 00:00;9457
10.01.2014 00:00;9515,5
13.01.2014 00:00;9438,5
14.01.2014 00:00;9577
15.01.2014 00:00;9771,5
16.01.2014 00:00;9741,5
17.01.2014 00:00;9718
20.01.2014 00:00;9725,5
21.01.2014 00:00;9758,5
22.01.2014 00:00;9739,5
23.01.2014 00:00;9653
24.01.2014 00:00;9351
27.01.2014 00:00;9343
28.01.2014 00:00;9454,5
29.01.2014 00:00;9295
30.01.2014 00:00;9411
31.01.2014 00:00;9290,5
03.02.2014 00:00;9104
04.02.2014 00:00;9152,5
05.02.2014 00:00;9134,5
06.02.2014 00:00;9271,5
07.02.2014 00:00;9342,5
10.02.2014 00:00;9299
11.02.2014 00:00;9500,5
12.02.2014 00:00;9547
13.02.2014 00:00;9635
14.02.2014 00:00;9661
17.02.2014 00:00;9656,5
18.02.2014 00:00;9652,5
19.02.2014 00:00;9584,5
20.02.2014 00:00;9617
21.02.2014 00:00;9624
24.02.2014 00:00;9702,5
25.02.2014 00:00;9670,5
26.02.2014 00:00;9645
27.02.2014 00:00;9607,5
28.02.2014 00:00;9643
03.03.2014 00:00;9347
04.03.2014 00:00;9561,5
05.03.2014 00:00;9548
06.03.2014 00:00;9526,5
07.03.2014 00:00;9396
10.03.2014 00:00;9301
11.03.2014 00:00;9287
12.03.2014 00:00;9212,5
13.03.2014 00:00;8958,5
14.03.2014 00:00;9038,5
17.03.2014 00:00;9190
18.03.2014 00:00;9249,5
19.03.2014 00:00;9213
20.03.2014 00:00;9306,5
21.03.2014 00:00;9307
24.03.2014 00:00;9234,5
25.03.2014 00:00;9388
26.03.2014 00:00;9419,5
27.03.2014 00:00;9465,5
28.03.2014 00:00;9591,5
31.03.2014 00:00;9586,5
01.04.2014 00:00;9634,5
02.04.2014 00:00;9658
03.04.2014 00:00;9653
04.04.2014 00:00;9638
07.04.2014 00:00;9504,5
08.04.2014 00:00;9496,5
09.04.2014 00:00;9565
10.04.2014 00:00;9357
11.04.2014 00:00;9282
14.04.2014 00:00;9353,5
15.04.2014 00:00;9221
16.04.2014 00:00;9359,5
17.04.2014 00:00;9461,5
22.04.2014 00:00;9617
23.04.2014 00:00;9577
24.04.2014 00:00;9537
25.04.2014 00:00;9419
28.04.2014 00:00;9476
29.04.2014 00:00;9598,5
30.04.2014 00:00;9630
02.05.2014 00:00;9568
05.05.2014 00:00;9555,5
06.05.2014 00:00;9447,5
07.05.2014 00:00;9553,5
08.05.2014 00:00;9573
09.05.2014 00:00;9603,5
12.05.2014 00:00;9733
13.05.2014 00:00;9766,5
14.05.2014 00:00;9740,5
15.05.2014 00:00;9679,5
16.05.2014 00:00;9645
19.05.2014 00:00;9667
20.05.2014 00:00;9621
21.05.2014 00:00;9702
22.05.2014 00:00;9720,5
23.05.2014 00:00;9772
26.05.2014 00:00;9884,5
27.05.2014 00:00;9945,5
28.05.2014 00:00;9923,5
29.05.2014 00:00;9955,5
30.05.2014 00:00;9953
02.06.2014 00:00;9960
03.06.2014 00:00;9916,5
04.06.2014 00:00;9935
05.06.2014 00:00;9969
06.06.2014 00:00;10005
09.06.2014 00:00;10011,5
10.06.2014 00:00;10024
11.06.2014 00:00;9946
12.06.2014 00:00;9907
13.06.2014 00:00;9904,5
16.06.2014 00:00;9902,5
17.06.2014 00:00;9936,5
18.06.2014 00:00;9993
19.06.2014 00:00;10013
20.06.2014 00:00;9996,5
23.06.2014 00:00;9941
24.06.2014 00:00;9903,5
25.06.2014 00:00;9899
26.06.2014 00:00;9838,5
27.06.2014 00:00;9852,5
30.06.2014 00:00;9835
01.07.2014 00:00;9914
02.07.2014 00:00;9916,5
03.07.2014 00:00;10036,5
04.07.2014 00:00;10019,5
07.07.2014 00:00;9919
08.07.2014 00:00;9786,5
09.07.2014 00:00;9824
10.07.2014 00:00;9692,5
11.07.2014 00:00;9674
14.07.2014 00:00;9771,5
15.07.2014 00:00;9737,5
16.07.2014 00:00;9862,5
17.07.2014 00:00;9696
18.07.2014 00:00;9740,5
21.07.2014 00:00;9636
22.07.2014 00:00;9718,5
23.07.2014 00:00;9760
24.07.2014 00:00;9784,5
25.07.2014 00:00;9649
28.07.2014 00:00;9615
29.07.2014 00:00;9629
30.07.2014 00:00;9612
31.07.2014 00:00;9373
01.08.2014 00:00;9188
04.08.2014 00:00;9218
05.08.2014 00:00;9099,5
06.08.2014 00:00;9110,5
07.08.2014 00:00;9007,5
08.08.2014 00:00;9086,5
11.08.2014 00:00;9162
12.08.2014 00:00;9083
13.08.2014 00:00;9193
14.08.2014 00:00;9236,5
15.08.2014 00:00;9138
18.08.2014 00:00;9265
19.08.2014 00:00;9335,5
20.08.2014 00:00;9332,5
21.08.2014 00:00;9384,5
22.08.2014 00:00;9341,5
25.08.2014 00:00;9480,5
26.08.2014 00:00;9568
27.08.2014 00:00;9558,5
28.08.2014 00:00;9459,5
29.08.2014 00:00;9464
01.09.2014 00:00;9472
02.09.2014 00:00;9496
03.09.2014 00:00;9611,5
04.09.2014 00:00;9701
05.09.2014 00:00;9787
08.09.2014 00:00;9740,5
09.09.2014 00:00;9677,5
10.09.2014 00:00;9732,5
11.09.2014 00:00;9694
12.09.2014 00:00;9637
15.09.2014 00:00;9661
16.09.2014 00:00;9670
17.09.2014 00:00;9684,5
18.09.2014 00:00;9793,5
19.09.2014 00:00;9800,5
22.09.2014 00:00;9736
23.09.2014 00:00;9590,5
24.09.2014 00:00;9679
25.09.2014 00:00;9487,5
26.09.2014 00:00;9536,5
29.09.2014 00:00;9419
30.09.2014 00:00;9461
01.10.2014 00:00;9353
02.10.2014 00:00;9231,5
06.10.2014 00:00;9182
07.10.2014 00:00;9018
08.10.2014 00:00;9114
09.10.2014 00:00;8911
10.10.2014 00:00;8768,5
13.10.2014 00:00;8734,5
14.10.2014 00:00;8793
15.10.2014 00:00;8635,5
16.10.2014 00:00;8585,5
17.10.2014 00:00;8821
20.10.2014 00:00;8754
21.10.2014 00:00;8927,5
22.10.2014 00:00;8854,5
23.10.2014 00:00;9028
24.10.2014 00:00;9007,5
27.10.2014 00:00;8925,5
28.10.2014 00:00;9106
29.10.2014 00:00;9082
30.10.2014 00:00;9145
31.10.2014 00:00;9331
03.11.2014 00:00;9260
04.11.2014 00:00;9208,5
05.11.2014 00:00;9302
06.11.2014 00:00;9396,5
07.11.2014 00:00;9277
10.11.2014 00:00;9335
11.11.2014 00:00;9359,5
12.11.2014 00:00;9239,5
13.11.2014 00:00;9251
14.11.2014 00:00;9228,5
17.11.2014 00:00;9315,5
18.11.2014 00:00;9479,5
19.11.2014 00:00;9486
20.11.2014 00:00;9478
21.11.2014 00:00;9708
24.11.2014 00:00;9808
25.11.2014 00:00;9870,5
26.11.2014 00:00;9934
27.11.2014 00:00;9971
28.11.2014 00:00;9954,5
01.12.2014 00:00;9957,5
02.12.2014 00:00;9963
03.12.2014 00:00;9996
04.12.2014 00:00;9903
05.12.2014 00:00;10075
08.12.2014 00:00;9982
09.12.2014 00:00;9869,5
10.12.2014 00:00;9744,5
11.12.2014 00:00;9803,5
12.12.2014 00:00;9551
15.12.2014 00:00;9347
16.12.2014 00:00;9447,5
17.12.2014 00:00;9646
18.12.2014 00:00;9864,5
19.12.2014 00:00;9804
22.12.2014 00:00;9915,5
23.12.2014 00:00;9919,5
29.12.2014 00:00;9934
30.12.2014 00:00;9795,5
02.01.2015 00:00;9781
05.01.2015 00:00;9477
06.01.2015 00:00;9492
07.01.2015 00:00;9593
08.01.2015 00:00;9824,5
09.01.2015 00:00;9676,5
12.01.2015 00:00;9767,5
13.01.2015 00:00;9860,5
14.01.2015 00:00;9875
15.01.2015 00:00;10000
16.01.2015 00:00;10286,5
19.01.2015 00:00;10251,5
20.01.2015 00:00;10276
21.01.2015 00:00;10305
22.01.2015 00:00;10505
23.01.2015 00:00;10635
26.01.2015 00:00;10833
27.01.2015 00:00;10644,5
28.01.2015 00:00;10602,5
29.01.2015 00:00;10821
30.01.2015 00:00;10662
02.02.2015 00:00;10861
03.02.2015 00:00;10936,5
04.02.2015 00:00;10831
05.02.2015 00:00;10903,5
06.02.2015 00:00;10778
09.02.2015 00:00;10646,5
10.02.2015 00:00;10797,5
11.02.2015 00:00;10765
12.02.2015 00:00;10964
13.02.2015 00:00;10978,5
16.02.2015 00:00;10844,5
17.02.2015 00:00;10900,5
18.02.2015 00:00;10955
19.02.2015 00:00;10975
20.02.2015 00:00;11121,5
23.02.2015 00:00;11119,5
24.02.2015 00:00;11216,5
25.02.2015 00:00;11202
26.02.2015 00:00;11326
27.02.2015 00:00;11381
02.03.2015 00:00;11430,5
03.03.2015 00:00;11318,5
04.03.2015 00:00;11408
05.03.2015 00:00;11507,5
06.03.2015 00:00;11510,5
09.03.2015 00:00;11584,5
10.03.2015 00:00;11513
11.03.2015 00:00;11833,5
12.03.2015 00:00;11836
13.03.2015 00:00;11946,5
16.03.2015 00:00;12174,5
17.03.2015 00:00;12009
18.03.2015 00:00;11871
19.03.2015 00:00;11919,5
20.03.2015 00:00;12057,5
23.03.2015 00:00;11886
24.03.2015 00:00;11996
25.03.2015 00:00;11892,5
26.03.2015 00:00;11893,5
27.03.2015 00:00;11897,5
30.03.2015 00:00;12119,5
31.03.2015 00:00;11953,5
01.04.2015 00:00;12040
02.04.2015 00:00;11994
07.04.2015 00:00;12103
08.04.2015 00:00;12085,5
09.04.2015 00:00;12229
10.04.2015 00:00;12412
13.04.2015 00:00;12319,5
14.04.2015 00:00;12285
15.04.2015 00:00;12254
16.04.2015 00:00;12008
17.04.2015 00:00;11693,5
20.04.2015 00:00;11906,5
21.04.2015 00:00;11987,5
22.04.2015 00:00;11941
23.04.2015 00:00;11809
24.04.2015 00:00;11837
27.04.2015 00:00;12018,5
28.04.2015 00:00;11852,5
29.04.2015 00:00;11488
30.04.2015 00:00;11397,5
04.05.2015 00:00;11626
05.05.2015 00:00;11339,5
06.05.2015 00:00;11328,5
07.05.2015 00:00;11406
08.05.2015 00:00;11732
11.05.2015 00:00;11633
12.05.2015 00:00;11506
13.05.2015 00:00;11332
14.05.2015 00:00;11575
15.05.2015 00:00;11473,5
18.05.2015 00:00;11632
19.05.2015 00:00;11819,5
20.05.2015 00:00;11863
21.05.2015 00:00;11885
22.05.2015 00:00;11837
26.05.2015 00:00;11650
27.05.2015 00:00;11785
28.05.2015 00:00;11691,5
29.05.2015 00:00;11442,5
01.06.2015 00:00;11450
02.06.2015 00:00;11325
03.06.2015 00:00;11405,5
04.06.2015 00:00;11260
05.06.2015 00:00;11189,5
08.06.2015 00:00;11014
09.06.2015 00:00;10964,5
10.06.2015 00:00;11261,5
11.06.2015 00:00;11317
12.06.2015 00:00;11185,5
15.06.2015 00:00;11017
16.06.2015 00:00;11059,5
17.06.2015 00:00;10923,5
18.06.2015 00:00;11143,5
19.06.2015 00:00;11052,5
22.06.2015 00:00;11438,5
23.06.2015 00:00;11572,5
24.06.2015 00:00;11409,5
25.06.2015 00:00;11452,5
26.06.2015 00:00;11501,5
29.06.2015 00:00;10989
30.06.2015 00:00;11000
01.07.2015 00:00;11169,5
02.07.2015 00:00;11109,5
03.07.2015 00:00;11067
06.07.2015 00:00;10860
07.07.2015 00:00;10897,5
08.07.2015 00:00;10718,5
09.07.2015 00:00;10964,5
10.07.2015 00:00;11385
13.07.2015 00:00;11487
14.07.2015 00:00;11528,5
15.07.2015 00:00;11526
16.07.2015 00:00;11724,5
17.07.2015 00:00;11688
20.07.2015 00:00;11752
21.07.2015 00:00;11588
22.07.2015 00:00;11533,5
23.07.2015 00:00;11448,5
24.07.2015 00:00;11294
27.07.2015 00:00;11043
28.07.2015 00:00;11207
29.07.2015 00:00;11256
30.07.2015 00:00;11265,5
31.07.2015 00:00;11300,5
03.08.2015 00:00;11420
04.08.2015 00:00;11466
05.08.2015 00:00;11605,5
06.08.2015 00:00;11576,5
07.08.2015 00:00;11510
10.08.2015 00:00;11606
11.08.2015 00:00;11308,5
12.08.2015 00:00;11046,5
13.08.2015 00:00;11007
14.08.2015 00:00;11034,5
17.08.2015 00:00;10970,5
18.08.2015 00:00;10903,5
19.08.2015 00:00;10700
20.08.2015 00:00;10321
21.08.2015 00:00;9998,5
24.08.2015 00:00;9727
25.08.2015 00:00;9868
26.08.2015 00:00;10188
27.08.2015 00:00;10320,5
28.08.2015 00:00;10290,5
31.08.2015 00:00;10239
01.09.2015 00:00;9914
02.09.2015 00:00;10113
03.09.2015 00:00;10247
04.09.2015 00:00;10041,5
07.09.2015 00:00;10104
08.09.2015 00:00;10330
09.09.2015 00:00;10162
10.09.2015 00:00;10227,5
11.09.2015 00:00;10161
14.09.2015 00:00;10147,5
15.09.2015 00:00;10254,5
16.09.2015 00:00;10264,5
17.09.2015 00:00;10184
18.09.2015 00:00;9925,5
21.09.2015 00:00;9932
22.09.2015 00:00;9611,5
23.09.2015 00:00;9600,5
24.09.2015 00:00;9522
25.09.2015 00:00;9618,5
28.09.2015 00:00;9469
29.09.2015 00:00;9467
30.09.2015 00:00;9663,5
01.10.2015 00:00;9543,5
02.10.2015 00:00;9674
05.10.2015 00:00;9877,5
06.10.2015 00:00;9891,5
07.10.2015 00:00;10020
08.10.2015 00:00;10097
09.10.2015 00:00;10095
12.10.2015 00:00;10104,5
13.10.2015 00:00;9983
14.10.2015 00:00;9913
15.10.2015 00:00;10132,5
16.10.2015 00:00;10118,5
19.10.2015 00:00;10160
20.10.2015 00:00;10150,5
21.10.2015 00:00;10184,5
22.10.2015 00:00;10557,5
23.10.2015 00:00;10843
26.10.2015 00:00;10802
27.10.2015 00:00;10728,5
28.10.2015 00:00;10910
29.10.2015 00:00;10813
30.10.2015 00:00;10829
02.11.2015 00:00;10982
03.11.2015 00:00;10951
04.11.2015 00:00;10852,5
05.11.2015 00:00;10893
06.11.2015 00:00;11018,5
09.11.2015 00:00;10837,5
10.11.2015 00:00;10849,5
11.11.2015 00:00;10875,5
12.11.2015 00:00;10720
13.11.2015 00:00;10667
16.11.2015 00:00;10806
17.11.2015 00:00;10898,5
18.11.2015 00:00;11044
19.11.2015 00:00;11059
20.11.2015 00:00;11102,5
23.11.2015 00:00;11064,5
24.11.2015 00:00;10960,5
25.11.2015 00:00;11152,5
26.11.2015 00:00;11311,5
27.11.2015 00:00;11290
30.11.2015 00:00;11362
01.12.2015 00:00;11291
02.12.2015 00:00;11113,5
03.12.2015 00:00;10675
04.12.2015 00:00;10865,5
07.12.2015 00:00;10926
08.12.2015 00:00;10687,5
09.12.2015 00:00;10504,5
10.12.2015 00:00;10581,5
11.12.2015 00:00;10281
14.12.2015 00:00;10271
15.12.2015 00:00;10435
16.12.2015 00:00;10638,5
17.12.2015 00:00;10737,5
18.12.2015 00:00;10532
21.12.2015 00:00;10543
22.12.2015 00:00;10556
23.12.2015 00:00;10761,5
28.12.2015 00:00;10699
29.12.2015 00:00;10852,5
30.12.2015 00:00;10704
04.01.2016 00:00;10349,5
05.01.2016 00:00;10329
06.01.2016 00:00;10174,5
07.01.2016 00:00;9859
08.01.2016 00:00;9746
11.01.2016 00:00;9903
12.01.2016 00:00;10057
13.01.2016 00:00;9767
14.01.2016 00:00;9880,5
15.01.2016 00:00;9492
18.01.2016 00:00;9532,5
19.01.2016 00:00;9616,5
20.01.2016 00:00;9479
21.01.2016 00:00;9572,5
22.01.2016 00:00;9817,5
25.01.2016 00:00;9689,5
26.01.2016 00:00;9847,5
27.01.2016 00:00;9747
28.01.2016 00:00;9662
29.01.2016 00:00;9829,5
01.02.2016 00:00;9765
02.02.2016 00:00;9503,5
03.02.2016 00:00;9512
04.02.2016 00:00;9378
05.02.2016 00:00;9228,5
08.02.2016 00:00;9000
09.02.2016 00:00;8896,5
10.02.2016 00:00;8922,5
11.02.2016 00:00;8825
12.02.2016 00:00;8970
15.02.2016 00:00;9190
16.02.2016 00:00;9180
17.02.2016 00:00;9397
18.02.2016 00:00;9436,5
19.02.2016 00:00;9374
22.02.2016 00:00;9558,5
23.02.2016 00:00;9406,5
24.02.2016 00:00;9292
25.02.2016 00:00;9384
26.02.2016 00:00;9491
29.02.2016 00:00;9414
01.03.2016 00:00;9754
02.03.2016 00:00;9771
03.03.2016 00:00;9781
04.03.2016 00:00;9795
07.03.2016 00:00;9765
08.03.2016 00:00;9680,5
09.03.2016 00:00;9705,5
10.03.2016 00:00;9518,5
11.03.2016 00:00;9878,5
14.03.2016 00:00;9992
15.03.2016 00:00;9954
16.03.2016 00:00;9993,5
17.03.2016 00:00;9920
18.03.2016 00:00;9971,5
21.03.2016 00:00;9988,5
22.03.2016 00:00;10022
23.03.2016 00:00;10020,5
24.03.2016 00:00;9932
29.03.2016 00:00;9960,5
30.03.2016 00:00;10083
31.03.2016 00:00;9983,5
01.04.2016 00:00;9853
04.04.2016 00:00;9809
05.04.2016 00:00;9567,5
06.04.2016 00:00;9690
07.04.2016 00:00;9505
08.04.2016 00:00;9624
11.04.2016 00:00;9685,5
12.04.2016 00:00;9808,5
13.04.2016 00:00;10051,5
14.04.2016 00:00;10117,5
15.04.2016 00:00;10073
18.04.2016 00:00;10162
19.04.2016 00:00;10393,5
20.04.2016 00:00;10460,5
21.04.2016 00:00;10429
22.04.2016 00:00;10431,5
25.04.2016 00:00;10339
26.04.2016 00:00;10318,5
27.04.2016 00:00;10363
28.04.2016 00:00;10241
29.04.2016 00:00;10098
02.05.2016 00:00;10147
03.05.2016 00:00;9959,5
04.05.2016 00:00;9838
05.05.2016 00:00;9830,5
06.05.2016 00:00;9914
09.05.2016 00:00;9983,5
10.05.2016 00:00;10084,5
11.05.2016 00:00;9939,5
12.05.2016 00:00;9892
13.05.2016 00:00;9883
17.05.2016 00:00;9834
18.05.2016 00:00;9915,5
19.05.2016 00:00;9826,5
20.05.2016 00:00;9899
23.05.2016 00:00;9839,5
24.05.2016 00:00;10097,5
25.05.2016 00:00;10200,5
26.05.2016 00:00;10262,5
27.05.2016 00:00;10293
30.05.2016 00:00;10345
31.05.2016 00:00;10265,5
01.06.2016 00:00;10210
02.06.2016 00:00;10247
03.06.2016 00:00;10113
06.06.2016 00:00;10125,5
07.06.2016 00:00;10251
08.06.2016 00:00;10220,5
09.06.2016 00:00;10093,5
10.06.2016 00:00;9801
13.06.2016 00:00;9605,5
14.06.2016 00:00;9569,5
15.06.2016 00:00;9563,5
16.06.2016 00:00;9646
17.06.2016 00:00;9698
20.06.2016 00:00;9915,5
21.06.2016 00:00;10053
22.06.2016 00:00;10042
23.06.2016 00:00;10314
24.06.2016 00:00;9529,5
27.06.2016 00:00;9322,5
28.06.2016 00:00;9491
29.06.2016 00:00;9598
30.06.2016 00:00;9744,5
01.07.2016 00:00;9740,5
04.07.2016 00:00;9727
05.07.2016 00:00;9482,5
06.07.2016 00:00;9412
07.07.2016 00:00;9381,5
08.07.2016 00:00;9624,5
11.07.2016 00:00;9782,5
12.07.2016 00:00;9937
13.07.2016 00:00;9925,5
14.07.2016 00:00;10045,5
15.07.2016 00:00;10054,5
18.07.2016 00:00;10046,5
19.07.2016 00:00;9964
20.07.2016 00:00;10114
21.07.2016 00:00;10115
22.07.2016 00:00;10146,5
25.07.2016 00:00;10180,5
26.07.2016 00:00;10254,5
27.07.2016 00:00;10287
28.07.2016 00:00;10334
29.07.2016 00:00;10330,5
01.08.2016 00:00;10292,5
02.08.2016 00:00;10147,5
03.08.2016 00:00;10189,5
04.08.2016 00:00;10227
05.08.2016 00:00;10365
08.08.2016 00:00;10428,5
09.08.2016 00:00;10673,5
10.08.2016 00:00;10642
11.08.2016 00:00;10725
12.08.2016 00:00;10701
15.08.2016 00:00;10731
16.08.2016 00:00;10668,5
17.08.2016 00:00;10597,5
18.08.2016 00:00;10592
19.08.2016 00:00;10552,5
22.08.2016 00:00;10504
23.08.2016 00:00;10583,5
24.08.2016 00:00;10588
25.08.2016 00:00;10503,5
26.08.2016 00:00;10514
29.08.2016 00:00;10563
30.08.2016 00:00;10651,5
31.08.2016 00:00;10585,5
01.09.2016 00:00;10565
02.09.2016 00:00;10706,5
05.09.2016 00:00;10686,5
06.09.2016 00:00;10691,5
07.09.2016 00:00;10744,5
08.09.2016 00:00;10673
09.09.2016 00:00;10498
12.09.2016 00:00;10524
13.09.2016 00:00;10420,5
14.09.2016 00:00;10365,5
15.09.2016 00:00;10444,5
16.09.2016 00:00;10282,5
19.09.2016 00:00;10334
20.09.2016 00:00;10392,5
21.09.2016 00:00;10498
22.09.2016 00:00;10671,5
23.09.2016 00:00;10614
26.09.2016 00:00;10377
27.09.2016 00:00;10379
28.09.2016 00:00;10503,5
29.09.2016 00:00;10290,5
30.09.2016 00:00;10535
04.10.2016 00:00;10557,5
05.10.2016 00:00;10588,5
06.10.2016 00:00;10585,5
07.10.2016 00:00;10484
10.10.2016 00:00;10612
11.10.2016 00:00;10563,5
12.10.2016 00:00;10532,5
13.10.2016 00:00;10437,5
14.10.2016 00:00;10580
17.10.2016 00:00;10500,5
18.10.2016 00:00;10622,5
19.10.2016 00:00;10642,5
20.10.2016 00:00;10707,5
21.10.2016 00:00;10708
24.10.2016 00:00;10768,5
25.10.2016 00:00;10763,5
26.10.2016 00:00;10681,5
27.10.2016 00:00;10703,5
28.10.2016 00:00;10646,5
31.10.2016 00:00;10673
01.11.2016 00:00;10493,5
02.11.2016 00:00;10372,5
03.11.2016 00:00;10298
04.11.2016 00:00;10206,5
07.11.2016 00:00;10462,5
08.11.2016 00:00;10524
09.11.2016 00:00;10667,5
10.11.2016 00:00;10654
11.11.2016 00:00;10685,5
14.11.2016 00:00;10701
15.11.2016 00:00;10745,5
16.11.2016 00:00;10651,5
17.11.2016 00:00;10718
18.11.2016 00:00;10657,5
21.11.2016 00:00;10700,5
22.11.2016 00:00;10745
23.11.2016 00:00;10676
24.11.2016 00:00;10686,5
25.11.2016 00:00;10701
28.11.2016 00:00;10556,5
29.11.2016 00:00;10615
30.11.2016 00:00;10631
01.12.2016 00:00;10492
02.12.2016 00:00;10523
05.12.2016 00:00;10705,5
06.12.2016 00:00;10832,5
07.12.2016 00:00;11049,5
08.12.2016 00:00;11172
09.12.2016 00:00;11225
12.12.2016 00:00;11165,5
13.12.2016 00:00;11276
14.12.2016 00:00;11235,5
15.12.2016 00:00;11377
16.12.2016 00:00;11378,5
19.12.2016 00:00;11400
20.12.2016 00:00;11455,5
21.12.2016 00:00;11467,5
22.12.2016 00:00;11446
23.12.2016 00:00;11447
27.12.2016 00:00;11467
28.12.2016 00:00;11442
29.12.2016 00:00;11436,5
30.12.2016 00:00;11441
02.01.2017 00:00;11587
03.01.2017 00:00;11596,5
04.01.2017 00:00;11581
05.01.2017 00:00;11572,5
06.01.2017 00:00;11606
09.01.2017 00:00;11549
10.01.2017 00:00;11571
11.01.2017 00:00;11650
12.01.2017 00:00;11562,5
13.01.2017 00:00;11604
16.01.2017 00:00;11556
17.01.2017 00:00;11546,5
18.01.2017 00:00;11610,5
19.01.2017 00:00;11575
20.01.2017 00:00;11609,5
23.01.2017 00:00;11564,5
24.01.2017 00:00;11629,5
25.01.2017 00:00;11817
26.01.2017 00:00;11833,5
27.01.2017 00:00;11812
30.01.2017 00:00;11709
31.01.2017 00:00;11588,5
01.02.2017 00:00;11667
02.02.2017 00:00;11644,5
03.02.2017 00:00;11656
06.02.2017 00:00;11503
07.02.2017 00:00;11542,5
08.02.2017 00:00;11553
09.02.2017 00:00;11642,5
10.02.2017 00:00;11661,5
13.02.2017 00:00;11777,5
14.02.2017 00:00;11793
15.02.2017 00:00;11787,5
16.02.2017 00:00;11763,5
17.02.2017 00:00;11790,5
20.02.2017 00:00;11825,5
21.02.2017 00:00;11993
22.02.2017 00:00;11998
23.02.2017 00:00;11945
24.02.2017 00:00;11829
27.02.2017 00:00;11840
28.02.2017 00:00;11827
01.03.2017 00:00;12077,5
02.03.2017 00:00;12043
03.03.2017 00:00;12025
06.03.2017 00:00;11979,5
07.03.2017 00:00;11951
08.03.2017 00:00;11940
09.03.2017 00:00;11980,5
10.03.2017 00:00;11964
13.03.2017 00:00;12005
14.03.2017 00:00;11989,5
15.03.2017 00:00;12054
16.03.2017 00:00;12112
17.03.2017 00:00;12108
20.03.2017 00:00;12080
21.03.2017 00:00;11934
22.03.2017 00:00;11957,5
23.03.2017 00:00;12039
24.03.2017 00:00;12097,5
27.03.2017 00:00;12055,5
28.03.2017 00:00;12205
29.03.2017 00:00;12226,5
30.03.2017 00:00;12274,5
31.03.2017 00:00;12350
03.04.2017 00:00;12309,5
04.04.2017 00:00;12323
05.04.2017 00:00;12210
06.04.2017 00:00;12240,5
07.04.2017 00:00;12251
10.04.2017 00:00;12215,5
11.04.2017 00:00;12195,5
12.04.2017 00:00;12158,5
13.04.2017 00:00;12109,5
18.04.2017 00:00;12018
19.04.2017 00:00;11994
20.04.2017 00:00;12065,5
21.04.2017 00:00;12093
24.04.2017 00:00;12492,5
25.04.2017 00:00;12505
26.04.2017 00:00;12454,5
27.04.2017 00:00;12463
28.04.2017 00:00;12450,5
02.05.2017 00:00;12539
03.05.2017 00:00;12545,5
04.05.2017 00:00;12654
05.05.2017 00:00;12825
08.05.2017 00:00;12712
09.05.2017 00:00;12737
10.05.2017 00:00;12770,5
11.05.2017 00:00;12737
12.05.2017 00:00;12777,5
15.05.2017 00:00;12813,5
16.05.2017 00:00;12803,5
17.05.2017 00:00;12555
18.05.2017 00:00;12618
19.05.2017 00:00;12624,5
22.05.2017 00:00;12629,5
23.05.2017 00:00;12667
24.05.2017 00:00;12641
25.05.2017 00:00;12618
26.05.2017 00:00;12588
29.05.2017 00:00;12623,5
30.05.2017 00:00;12587
31.05.2017 00:00;12628
01.06.2017 00:00;12691
02.06.2017 00:00;12847
06.06.2017 00:00;12659
07.06.2017 00:00;12694
08.06.2017 00:00;12722
09.06.2017 00:00;12770,5
12.06.2017 00:00;12695,5
13.06.2017 00:00;12799
14.06.2017 00:00;12838,5
15.06.2017 00:00;12688,5
16.06.2017 00:00;12746
19.06.2017 00:00;12903
20.06.2017 00:00;12796,5
21.06.2017 00:00;12751,5
22.06.2017 00:00;12763,5
23.06.2017 00:00;12718,5
26.06.2017 00:00;12765,5
27.06.2017 00:00;12593
28.06.2017 00:00;12674,5
29.06.2017 00:00;12388,5
30.06.2017 00:00;12378,5
03.07.2017 00:00;12432
04.07.2017 00:00;12438
05.07.2017 00:00;12473,5
06.07.2017 00:00;12335,5
07.07.2017 00:00;12412
10.07.2017 00:00;12446
11.07.2017 00:00;12469
12.07.2017 00:00;12632,5
13.07.2017 00:00;12650
14.07.2017 00:00;12644
17.07.2017 00:00;12574
18.07.2017 00:00;12428,5
19.07.2017 00:00;12471,5
20.07.2017 00:00;12439
21.07.2017 00:00;12237
24.07.2017 00:00;12235,5
25.07.2017 00:00;12256
26.07.2017 00:00;12247,5
27.07.2017 00:00;12182,5
28.07.2017 00:00;12163
31.07.2017 00:00;12091
01.08.2017 00:00;12248
02.08.2017 00:00;12175
03.08.2017 00:00;12132,5
04.08.2017 00:00;12288
07.08.2017 00:00;12235,5
08.08.2017 00:00;12227,5
09.08.2017 00:00;12169
10.08.2017 00:00;11956,5
11.08.2017 00:00;11992
14.08.2017 00:00;12161
15.08.2017 00:00;12197,5
16.08.2017 00:00;12219,5
17.08.2017 00:00;12118,5
18.08.2017 00:00;12161,5
21.08.2017 00:00;12065,5
22.08.2017 00:00;12244,5
23.08.2017 00:00;12181
24.08.2017 00:00;12176,5
25.08.2017 00:00;12166,5
28.08.2017 00:00;12121,5
29.08.2017 00:00;11977
30.08.2017 00:00;12021
31.08.2017 00:00;12065,5
01.09.2017 00:00;12148,5
04.09.2017 00:00;12118
05.09.2017 00:00;12068,5
06.09.2017 00:00;12282,5
07.09.2017 00:00;12314,5
08.09.2017 00:00;12280,5
11.09.2017 00:00;12495
12.09.2017 00:00;12517
13.09.2017 00:00;12549
14.09.2017 00:00;12532,5
15.09.2017 00:00;12520,5
18.09.2017 00:00;12550,5
19.09.2017 00:00;12542
20.09.2017 00:00;12625,5
21.09.2017 00:00;12585
22.09.2017 00:00;12602,5
25.09.2017 00:00;12560,5
26.09.2017 00:00;12590
27.09.2017 00:00;12679,5
28.09.2017 00:00;12708
29.09.2017 00:00;12828,5
02.10.2017 00:00;12903,5
04.10.2017 00:00;12929,5
05.10.2017 00:00;12973
06.10.2017 00:00;12955,5
09.10.2017 00:00;12932
10.10.2017 00:00;12947
11.10.2017 00:00;12962,5
12.10.2017 00:00;12966,5
13.10.2017 00:00;12983
16.10.2017 00:00;12993,5
17.10.2017 00:00;12999
18.10.2017 00:00;13042,5
19.10.2017 00:00;12993,5
20.10.2017 00:00;12981,5
23.10.2017 00:00;12968
24.10.2017 00:00;13009,5
25.10.2017 00:00;12957,5
26.10.2017 00:00;13157
27.10.2017 00:00;13221
30.10.2017 00:00;13222,5
01.11.2017 00:00;13461
02.11.2017 00:00;13464,5
03.11.2017 00:00;13470,5
06.11.2017 00:00;13466,5
07.11.2017 00:00;13362
08.11.2017 00:00;13394
09.11.2017 00:00;13183,5
10.11.2017 00:00;13125,5
13.11.2017 00:00;13094,5
14.11.2017 00:00;13032,5
15.11.2017 00:00;12954
16.11.2017 00:00;13081,5
17.11.2017 00:00;12970,5
20.11.2017 00:00;13051
21.11.2017 00:00;13172
22.11.2017 00:00;12985
23.11.2017 00:00;13002
24.11.2017 00:00;13061
27.11.2017 00:00;13015
28.11.2017 00:00;13117
29.11.2017 00:00;13061,5
30.11.2017 00:00;13052
01.12.2017 00:00;12939,5
04.12.2017 00:00;13032
05.12.2017 00:00;13002
06.12.2017 00:00;13001
07.12.2017 00:00;13090,5
08.12.2017 00:00;13160,5
11.12.2017 00:00;13149,5
12.12.2017 00:00;13167,5
13.12.2017 00:00;13083
14.12.2017 00:00;13028
15.12.2017 00:00;13105,5
18.12.2017 00:00;13300
19.12.2017 00:00;13234,5
20.12.2017 00:00;13070
21.12.2017 00:00;13059
22.12.2017 00:00;13073
27.12.2017 00:00;13053,5
28.12.2017 00:00;12983,5
29.12.2017 00:00;12852,5
02.01.2018 00:00;12873,5
03.01.2018 00:00;13004
04.01.2018 00:00;13154
05.01.2018 00:00;13332,5
08.01.2018 00:00;13370,5
09.01.2018 00:00;13391
10.01.2018 00:00;13261
11.01.2018 00:00;13231
12.01.2018 00:00;13223
15.01.2018 00:00;13184
16.01.2018 00:00;13142
17.01.2018 00:00;13232,5
18.01.2018 00:00;13268,5
19.01.2018 00:00;13454
22.01.2018 00:00;13502,5
23.01.2018 00:00;13564,5
24.01.2018 00:00;13423,5
25.01.2018 00:00;13304
26.01.2018 00:00;13374
