2000.01.01 00:00;51,80000
2000.01.02 00:00;50,80000
2000.01.03 00:00;49,80000
2000.01.04 00:00;48,80000
2000.01.05 00:00;47,80000
2000.01.06 00:00;46,80000
2000.01.07 00:00;45,80000
2000.01.08 00:00;46,80000
2000.01.09 00:00;47,80000
2000.01.10 00:00;46,80000
2000.01.11 00:00;45,80000
2000.01.12 00:00;44,80000
2000.01.13 00:00;43,80000
2000.01.14 00:00;42,80000
2000.01.15 00:00;41,80000
2000.01.16 00:00;40,80000
2000.01.17 00:00;39,80000
2000.01.18 00:00;38,80000
2000.01.19 00:00;37,80000
2000.01.20 00:00;36,80000
2000.01.21 00:00;35,80000
2000.01.22 00:00;34,80000
2000.01.23 00:00;33,80000
2000.01.24 00:00;32,80000
2000.01.25 00:00;31,80000
2000.01.26 00:00;30,80000
2000.01.27 00:00;29,80000
2000.01.28 00:00;30,80000
2000.01.29 00:00;31,80000
2000.01.30 00:00;32,80000
2000.01.31 00:00;33,80000
2000.02.01 00:00;34,80000
2000.02.02 00:00;35,80000
2000.02.03 00:00;36,80000
2000.02.04 00:00;37,80000
2000.02.05 00:00;38,80000
2000.02.06 00:00;39,80000
2000.02.07 00:00;40,80000
2000.02.08 00:00;41,80000
2000.02.09 00:00;42,80000
2000.02.10 00:00;43,80000
2000.02.11 00:00;44,80000
2000.02.12 00:00;43,80000
2000.02.13 00:00;42,80000
2000.02.14 00:00;43,80000
2000.02.15 00:00;44,80000
2000.02.16 00:00;45,80000
2000.02.17 00:00;44,80000
2000.02.18 00:00;43,80000
2000.02.19 00:00;42,80000
2000.02.20 00:00;41,80000
2000.02.21 00:00;40,80000
2000.02.22 00:00;41,80000
2000.02.23 00:00;42,80000
2000.02.24 00:00;41,80000
2000.02.25 00:00;40,80000
2000.02.26 00:00;39,80000
2000.02.27 00:00;38,80000
2000.02.28 00:00;37,80000
2000.02.29 00:00;36,80000
2000.03.01 00:00;35,80000
2000.03.02 00:00;34,80000
2000.03.03 00:00;33,80000
2000.03.04 00:00;32,80000
2000.03.05 00:00;31,80000
2000.03.06 00:00;30,80000
2000.03.07 00:00;31,80000
2000.03.08 00:00;30,80000
2000.03.09 00:00;29,80000
2000.03.10 00:00;28,80000
2000.03.11 00:00;29,80000
2000.03.12 00:00;30,80000
2000.03.13 00:00;31,80000
2000.03.14 00:00;32,80000
2000.03.15 00:00;33,80000
2000.03.16 00:00;32,80000
2000.03.17 00:00;31,80000
2000.03.18 00:00;30,80000
2000.03.19 00:00;29,80000
2000.03.20 00:00;28,80000
2000.03.21 00:00;27,80000
2000.03.22 00:00;26,80000
2000.03.23 00:00;25,80000
2000.03.24 00:00;24,80000
2000.03.25 00:00;23,80000
2000.03.26 00:00;22,80000
2000.03.27 00:00;21,80000
2000.03.28 00:00;20,80000
2000.03.29 00:00;19,80000
2000.03.30 00:00;18,80000
2000.03.31 00:00;17,80000
2000.04.01 00:00;18,80000
2000.04.02 00:00;19,80000
2000.04.03 00:00;20,80000
2000.04.04 00:00;21,80000
2000.04.05 00:00;22,80000
2000.04.06 00:00;23,80000
2000.04.07 00:00;24,80000
2000.04.08 00:00;25,80000
2000.04.09 00:00;26,80000
2000.04.10 00:00;27,80000
2000.04.11 00:00;28,80000
2000.04.12 00:00;27,80000
2000.04.13 00:00;26,80000
2000.04.14 00:00;27,80000
2000.04.15 00:00;28,80000
2000.04.16 00:00;29,80000
2000.04.17 00:00;30,80000
2000.04.18 00:00;29,80000
2000.04.19 00:00;28,80000
2000.04.20 00:00;27,80000
2000.04.21 00:00;26,80000
2000.04.22 00:00;25,80000
2000.04.23 00:00;24,80000
2000.04.24 00:00;23,80000
2000.04.25 00:00;24,80000
2000.04.26 00:00;23,80000
2000.04.27 00:00;24,80000
2000.04.28 00:00;23,80000
2000.04.29 00:00;22,80000
2000.04.30 00:00;21,80000
2000.05.01 00:00;20,80000
2000.05.02 00:00;21,80000
2000.05.03 00:00;22,80000
2000.05.04 00:00;21,80000
2000.05.05 00:00;22,80000
2000.05.06 00:00;21,80000
2000.05.07 00:00;20,80000
2000.05.08 00:00;19,80000
2000.05.09 00:00;18,80000
2000.05.10 00:00;17,80000
2000.05.11 00:00;16,80000
2000.05.12 00:00;15,80000
2000.05.13 00:00;16,80000
2000.05.14 00:00;15,80000
2000.05.15 00:00;16,80000
2000.05.16 00:00;17,80000
2000.05.17 00:00;18,80000
2000.05.18 00:00;17,80000
2000.05.19 00:00;16,80000
2000.05.20 00:00;15,80000
2000.05.21 00:00;14,80000
2000.05.22 00:00;15,80000
2000.05.23 00:00;16,80000
2000.05.24 00:00;17,80000
2000.05.25 00:00;18,80000
2000.05.26 00:00;19,80000
2000.05.27 00:00;20,80000
2000.05.28 00:00;21,80000
2000.05.29 00:00;22,80000
2000.05.30 00:00;23,80000
2000.05.31 00:00;24,80000
2000.06.01 00:00;23,80000
2000.06.02 00:00;24,80000
2000.06.03 00:00;23,80000
2000.06.04 00:00;22,80000
2000.06.05 00:00;21,80000
2000.06.06 00:00;20,80000
2000.06.07 00:00;21,80000
2000.06.08 00:00;22,80000
2000.06.09 00:00;23,80000
2000.06.10 00:00;24,80000
2000.06.11 00:00;25,80000
2000.06.12 00:00;26,80000
2000.06.13 00:00;27,80000
2000.06.14 00:00;28,80000
2000.06.15 00:00;27,80000
2000.06.16 00:00;26,80000
2000.06.17 00:00;27,80000
2000.06.18 00:00;26,80000
2000.06.19 00:00;27,80000
2000.06.20 00:00;28,80000
2000.06.21 00:00;29,80000
2000.06.22 00:00;30,80000
2000.06.23 00:00;31,80000
2000.06.24 00:00;32,80000
2000.06.25 00:00;31,80000
2000.06.26 00:00;32,80000
2000.06.27 00:00;33,80000
2000.06.28 00:00;34,80000
2000.06.29 00:00;35,80000
2000.06.30 00:00;36,80000
2000.07.01 00:00;37,80000
2000.07.02 00:00;38,80000
2000.07.03 00:00;39,80000
2000.07.04 00:00;38,80000
2000.07.05 00:00;37,80000
2000.07.06 00:00;38,80000
2000.07.07 00:00;39,80000
2000.07.08 00:00;40,80000
2000.07.09 00:00;41,80000
2000.07.10 00:00;42,80000
2000.07.11 00:00;43,80000
2000.07.12 00:00;44,80000
2000.07.13 00:00;45,80000
2000.07.14 00:00;46,80000
2000.07.15 00:00;47,80000
2000.07.16 00:00;48,80000
2000.07.17 00:00;49,80000
2000.07.18 00:00;50,80000
2000.07.19 00:00;51,80000
2000.07.20 00:00;52,80000
2000.07.21 00:00;51,80000
2000.07.22 00:00;50,80000
2000.07.23 00:00;49,80000
2000.07.24 00:00;48,80000
2000.07.25 00:00;47,80000
2000.07.26 00:00;48,80000
2000.07.27 00:00;49,80000
2000.07.28 00:00;48,80000
2000.07.29 00:00;47,80000
2000.07.30 00:00;46,80000
2000.07.31 00:00;45,80000
2000.08.01 00:00;44,80000
2000.08.02 00:00;45,80000
2000.08.03 00:00;44,80000
2000.08.04 00:00;43,80000
2000.08.05 00:00;42,80000
2000.08.06 00:00;41,80000
2000.08.07 00:00;40,80000
2000.08.08 00:00;39,80000
2000.08.09 00:00;38,80000
2000.08.10 00:00;37,80000
2000.08.11 00:00;36,80000
2000.08.12 00:00;35,80000
2000.08.13 00:00;36,80000
2000.08.14 00:00;37,80000
2000.08.15 00:00;38,80000
2000.08.16 00:00;39,80000
2000.08.17 00:00;40,80000
2000.08.18 00:00;41,80000
2000.08.19 00:00;40,80000
2000.08.20 00:00;39,80000
2000.08.21 00:00;38,80000
2000.08.22 00:00;37,80000
2000.08.23 00:00;36,80000
2000.08.24 00:00;35,80000
2000.08.25 00:00;34,80000
2000.08.26 00:00;35,80000
2000.08.27 00:00;36,80000
2000.08.28 00:00;37,80000
2000.08.29 00:00;38,80000
2000.08.30 00:00;39,80000
2000.08.31 00:00;40,80000
2000.09.01 00:00;41,80000
2000.09.02 00:00;40,80000
2000.09.03 00:00;39,80000
2000.09.04 00:00;40,80000
2000.09.05 00:00;41,80000
2000.09.06 00:00;42,80000
2000.09.07 00:00;43,80000
2000.09.08 00:00;44,80000
2000.09.09 00:00;45,80000
2000.09.10 00:00;46,80000
2000.09.11 00:00;47,80000
2000.09.12 00:00;46,80000
2000.09.13 00:00;45,80000
2000.09.14 00:00;46,80000
2000.09.15 00:00;47,80000
2000.09.16 00:00;48,80000
2000.09.17 00:00;47,80000
2000.09.18 00:00;48,80000
2000.09.19 00:00;49,80000
2000.09.20 00:00;50,80000
2000.09.21 00:00;51,80000
2000.09.22 00:00;52,80000
2000.09.23 00:00;53,80000
2000.09.24 00:00;54,80000
2000.09.25 00:00;55,80000
2000.09.26 00:00;56,80000
2000.09.27 00:00;57,80000
2000.09.28 00:00;56,80000
2000.09.29 00:00;57,80000
2000.09.30 00:00;58,80000
2000.10.01 00:00;59,80000
2000.10.02 00:00;60,80000
2000.10.03 00:00;59,80000
2000.10.04 00:00;58,80000
2000.10.05 00:00;57,80000
2000.10.06 00:00;56,80000
2000.10.07 00:00;55,80000
2000.10.08 00:00;56,80000
2000.10.09 00:00;57,80000
2000.10.10 00:00;58,80000
2000.10.11 00:00;59,80000
2000.10.12 00:00;58,80000
2000.10.13 00:00;59,80000
2000.10.14 00:00;58,80000
2000.10.15 00:00;59,80000
2000.10.16 00:00;60,80000
2000.10.17 00:00;61,80000
2000.10.18 00:00;62,80000
2000.10.19 00:00;63,80000
2000.10.20 00:00;64,80000
2000.10.21 00:00;65,80000
2000.10.22 00:00;66,80000
2000.10.23 00:00;67,80000
2000.10.24 00:00;68,80000
2000.10.25 00:00;69,80000
2000.10.26 00:00;70,80000
2000.10.27 00:00;69,80000
2000.10.28 00:00;68,80000
2000.10.29 00:00;69,80000
2000.10.30 00:00;68,80000
2000.10.31 00:00;67,80000
2000.11.01 00:00;66,80000
2000.11.02 00:00;65,80000
2000.11.03 00:00;66,80000
2000.11.04 00:00;67,80000
2000.11.05 00:00;68,80000
2000.11.06 00:00;69,80000
2000.11.07 00:00;68,80000
2000.11.08 00:00;67,80000
2000.11.09 00:00;66,80000
2000.11.10 00:00;65,80000
2000.11.11 00:00;66,80000
2000.11.12 00:00;65,80000
2000.11.13 00:00;64,80000
2000.11.14 00:00;65,80000
2000.11.15 00:00;64,80000
2000.11.16 00:00;63,80000
2000.11.17 00:00;64,80000
2000.11.18 00:00;65,80000
2000.11.19 00:00;66,80000
2000.11.20 00:00;67,80000
2000.11.21 00:00;68,80000
2000.11.22 00:00;69,80000
2000.11.23 00:00;70,80000
2000.11.24 00:00;71,80000
2000.11.25 00:00;72,80000
2000.11.26 00:00;71,80000
2000.11.27 00:00;70,80000
2000.11.28 00:00;69,80000
2000.11.29 00:00;68,80000
2000.11.30 00:00;67,80000
2000.12.01 00:00;68,80000
2000.12.02 00:00;69,80000
2000.12.03 00:00;70,80000
2000.12.04 00:00;71,80000
2000.12.05 00:00;72,80000
2000.12.06 00:00;73,80000
2000.12.07 00:00;72,80000
2000.12.08 00:00;73,80000
2000.12.09 00:00;74,80000
2000.12.10 00:00;75,80000
2000.12.11 00:00;76,80000
2000.12.12 00:00;77,80000
2000.12.13 00:00;78,80000
2000.12.14 00:00;79,80000
2000.12.15 00:00;80,80000
2000.12.16 00:00;81,80000
2000.12.17 00:00;80,80000
2000.12.18 00:00;81,80000
2000.12.19 00:00;82,80000
2000.12.20 00:00;83,80000
2000.12.21 00:00;84,80000
2000.12.22 00:00;85,80000
2000.12.23 00:00;86,80000
2000.12.24 00:00;87,80000
2000.12.25 00:00;88,80000
2000.12.26 00:00;89,80000
2000.12.27 00:00;90,80000
2000.12.28 00:00;91,80000
2000.12.29 00:00;90,80000
2000.12.30 00:00;89,80000
2000.12.31 00:00;88,80000
2001.01.01 00:00;87,80000
2001.01.02 00:00;86,80000
2001.01.03 00:00;87,80000
2001.01.04 00:00;86,80000
2001.01.05 00:00;87,80000
2001.01.06 00:00;86,80000
2001.01.07 00:00;85,80000
2001.01.08 00:00;84,80000
2001.01.09 00:00;83,80000
2001.01.10 00:00;82,80000
2001.01.11 00:00;81,80000
2001.01.12 00:00;80,80000
2001.01.13 00:00;79,80000
2001.01.14 00:00;80,80000
2001.01.15 00:00;81,80000
2001.01.16 00:00;80,80000
2001.01.17 00:00;81,80000
2001.01.18 00:00;82,80000
2001.01.19 00:00;81,80000
2001.01.20 00:00;80,80000
2001.01.21 00:00;79,80000
2001.01.22 00:00;78,80000
2001.01.23 00:00;77,80000
2001.01.24 00:00;76,80000
2001.01.25 00:00;75,80000
2001.01.26 00:00;76,80000
2001.01.27 00:00;77,80000
2001.01.28 00:00;78,80000
2001.01.29 00:00;79,80000
2001.01.30 00:00;80,80000
2001.01.31 00:00;81,80000
2001.02.01 00:00;82,80000
2001.02.02 00:00;83,80000
2001.02.03 00:00;84,80000
2001.02.04 00:00;85,80000
2001.02.05 00:00;86,80000
2001.02.06 00:00;87,80000
2001.02.07 00:00;88,80000
2001.02.08 00:00;87,80000
2001.02.09 00:00;88,80000
2001.02.10 00:00;87,80000
2001.02.11 00:00;86,80000
2001.02.12 00:00;85,80000
2001.02.13 00:00;84,80000
2001.02.14 00:00;85,80000
2001.02.15 00:00;86,80000
2001.02.16 00:00;87,80000
2001.02.17 00:00;86,80000
2001.02.18 00:00;85,80000
2001.02.19 00:00;86,80000
2001.02.20 00:00;87,80000
2001.02.21 00:00;88,80000
2001.02.22 00:00;87,80000
2001.02.23 00:00;86,80000
2001.02.24 00:00;85,80000
2001.02.25 00:00;84,80000
2001.02.26 00:00;83,80000
2001.02.27 00:00;82,80000
2001.02.28 00:00;81,80000
2001.03.01 00:00;80,80000
2001.03.02 00:00;79,80000
2001.03.03 00:00;80,80000
2001.03.04 00:00;79,80000
2001.03.05 00:00;78,80000
2001.03.06 00:00;77,80000
2001.03.07 00:00;76,80000
2001.03.08 00:00;75,80000
2001.03.09 00:00;74,80000
2001.03.10 00:00;73,80000
2001.03.11 00:00;72,80000
2001.03.12 00:00;71,80000
2001.03.13 00:00;70,80000
2001.03.14 00:00;71,80000
2001.03.15 00:00;72,80000
2001.03.16 00:00;73,80000
2001.03.17 00:00;74,80000
2001.03.18 00:00;75,80000
2001.03.19 00:00;76,80000
2001.03.20 00:00;77,80000
2001.03.21 00:00;78,80000
2001.03.22 00:00;79,80000
2001.03.23 00:00;80,80000
2001.03.24 00:00;81,80000
2001.03.25 00:00;80,80000
2001.03.26 00:00;79,80000
2001.03.27 00:00;78,80000
2001.03.28 00:00;77,80000
2001.03.29 00:00;76,80000
2001.03.30 00:00;75,80000
2001.03.31 00:00;74,80000
2001.04.01 00:00;73,80000
2001.04.02 00:00;72,80000
2001.04.03 00:00;71,80000
2001.04.04 00:00;70,80000
2001.04.05 00:00;69,80000
2001.04.06 00:00;68,80000
2001.04.07 00:00;67,80000
2001.04.08 00:00;66,80000
2001.04.09 00:00;65,80000
2001.04.10 00:00;64,80000
2001.04.11 00:00;65,80000
2001.04.12 00:00;66,80000
2001.04.13 00:00;67,80000
2001.04.14 00:00;68,80000
2001.04.15 00:00;69,80000
2001.04.16 00:00;70,80000
2001.04.17 00:00;71,80000
2001.04.18 00:00;70,80000
2001.04.19 00:00;71,80000
2001.04.20 00:00;72,80000
2001.04.21 00:00;73,80000
2001.04.22 00:00;74,80000
2001.04.23 00:00;75,80000
2001.04.24 00:00;76,80000
2001.04.25 00:00;77,80000
2001.04.26 00:00;78,80000
2001.04.27 00:00;79,80000
2001.04.28 00:00;80,80000
2001.04.29 00:00;81,80000
2001.04.30 00:00;82,80000
2001.05.01 00:00;83,80000
2001.05.02 00:00;82,80000
2001.05.03 00:00;81,80000
2001.05.04 00:00;80,80000
2001.05.05 00:00;79,80000
2001.05.06 00:00;78,80000
2001.05.07 00:00;79,80000
2001.05.08 00:00;78,80000
2001.05.09 00:00;77,80000
2001.05.10 00:00;76,80000
2001.05.11 00:00;75,80000
2001.05.12 00:00;74,80000
2001.05.13 00:00;73,80000
2001.05.14 00:00;72,80000
2001.05.15 00:00;73,80000
2001.05.16 00:00;74,80000
2001.05.17 00:00;75,80000
2001.05.18 00:00;76,80000
2001.05.19 00:00;77,80000
2001.05.20 00:00;78,80000
2001.05.21 00:00;79,80000
2001.05.22 00:00;80,80000
2001.05.23 00:00;81,80000
2001.05.24 00:00;80,80000
2001.05.25 00:00;79,80000
2001.05.26 00:00;80,80000
2001.05.27 00:00;81,80000
2001.05.28 00:00;82,80000
2001.05.29 00:00;83,80000
2001.05.30 00:00;84,80000
2001.05.31 00:00;85,80000
2001.06.01 00:00;84,80000
2001.06.02 00:00;85,80000
2001.06.03 00:00;84,80000
2001.06.04 00:00;83,80000
2001.06.05 00:00;82,80000
2001.06.06 00:00;81,80000
2001.06.07 00:00;80,80000
2001.06.08 00:00;79,80000
2001.06.09 00:00;78,80000
2001.06.10 00:00;77,80000
2001.06.11 00:00;76,80000
2001.06.12 00:00;75,80000
2001.06.13 00:00;74,80000
2001.06.14 00:00;75,80000
2001.06.15 00:00;76,80000
2001.06.16 00:00;77,80000
2001.06.17 00:00;78,80000
2001.06.18 00:00;79,80000
2001.06.19 00:00;80,80000
2001.06.20 00:00;81,80000
2001.06.21 00:00;82,80000
2001.06.22 00:00;83,80000
2001.06.23 00:00;82,80000
2001.06.24 00:00;83,80000
2001.06.25 00:00;84,80000
2001.06.26 00:00;85,80000
2001.06.27 00:00;86,80000
2001.06.28 00:00;87,80000
2001.06.29 00:00;88,80000
2001.06.30 00:00;89,80000
2001.07.01 00:00;90,80000
2001.07.02 00:00;91,80000
2001.07.03 00:00;90,80000
2001.07.04 00:00;91,80000
2001.07.05 00:00;92,80000
2001.07.06 00:00;93,80000
2001.07.07 00:00;94,80000
2001.07.08 00:00;95,80000
2001.07.09 00:00;96,80000
2001.07.10 00:00;97,80000
2001.07.11 00:00;98,80000
2001.07.12 00:00;99,80000
2001.07.13 00:00;100,80000
2001.07.14 00:00;101,80000
2001.07.15 00:00;102,80000
2001.07.16 00:00;101,80000
2001.07.17 00:00;100,80000
2001.07.18 00:00;99,80000
2001.07.19 00:00;100,80000
2001.07.20 00:00;101,80000
2001.07.21 00:00;102,80000
2001.07.22 00:00;103,80000
2001.07.23 00:00;102,80000
2001.07.24 00:00;101,80000
2001.07.25 00:00;100,80000
2001.07.26 00:00;99,80000
2001.07.27 00:00;98,80000
2001.07.28 00:00;97,80000
2001.07.29 00:00;98,80000
2001.07.30 00:00;97,80000
2001.07.31 00:00;96,80000
2001.08.01 00:00;95,80000
2001.08.02 00:00;96,80000
2001.08.03 00:00;97,80000
2001.08.04 00:00;98,80000
2001.08.05 00:00;99,80000
2001.08.06 00:00;100,80000
2001.08.07 00:00;101,80000
2001.08.08 00:00;100,80000
2001.08.09 00:00;101,80000
2001.08.10 00:00;102,80000
2001.08.11 00:00;103,80000
2001.08.12 00:00;104,80000
2001.08.13 00:00;105,80000
2001.08.14 00:00;106,80000
2001.08.15 00:00;105,80000
2001.08.16 00:00;104,80000
2001.08.17 00:00;105,80000
2001.08.18 00:00;106,80000
2001.08.19 00:00;105,80000
2001.08.20 00:00;106,80000
2001.08.21 00:00;105,80000
2001.08.22 00:00;104,80000
2001.08.23 00:00;105,80000
2001.08.24 00:00;106,80000
2001.08.25 00:00;107,80000
2001.08.26 00:00;108,80000
2001.08.27 00:00;107,80000
2001.08.28 00:00;106,80000
2001.08.29 00:00;105,80000
2001.08.30 00:00;104,80000
2001.08.31 00:00;105,80000
2001.09.01 00:00;106,80000
2001.09.02 00:00;107,80000
2001.09.03 00:00;106,80000
2001.09.04 00:00;105,80000
2001.09.05 00:00;104,80000
2001.09.06 00:00;103,80000
2001.09.07 00:00;102,80000
2001.09.08 00:00;101,80000
2001.09.09 00:00;100,80000
2001.09.10 00:00;99,80000
2001.09.11 00:00;98,80000
2001.09.12 00:00;97,80000
2001.09.13 00:00;96,80000
2001.09.14 00:00;97,80000
2001.09.15 00:00;98,80000
2001.09.16 00:00;99,80000
2001.09.17 00:00;100,80000
2001.09.18 00:00;99,80000
2001.09.19 00:00;100,80000
2001.09.20 00:00;99,80000
2001.09.21 00:00;98,80000
2001.09.22 00:00;97,80000
2001.09.23 00:00;98,80000
2001.09.24 00:00;99,80000
2001.09.25 00:00;100,80000
2001.09.26 00:00;101,80000
2001.09.27 00:00;100,80000
2001.09.28 00:00;99,80000
2001.09.29 00:00;100,80000
2001.09.30 00:00;101,80000
2001.10.01 00:00;100,80000
2001.10.02 00:00;101,80000
2001.10.03 00:00;100,80000
2001.10.04 00:00;99,80000
2001.10.05 00:00;98,80000
2001.10.06 00:00;97,80000
2001.10.07 00:00;96,80000
2001.10.08 00:00;95,80000
2001.10.09 00:00;94,80000
2001.10.10 00:00;95,80000
2001.10.11 00:00;96,80000
2001.10.12 00:00;97,80000
2001.10.13 00:00;98,80000
2001.10.14 00:00;99,80000
2001.10.15 00:00;100,80000
2001.10.16 00:00;101,80000
2001.10.17 00:00;102,80000
2001.10.18 00:00;103,80000
2001.10.19 00:00;104,80000
2001.10.20 00:00;105,80000
2001.10.21 00:00;106,80000
2001.10.22 00:00;107,80000
2001.10.23 00:00;106,80000
2001.10.24 00:00;107,80000
2001.10.25 00:00;108,80000
2001.10.26 00:00;107,80000
2001.10.27 00:00;106,80000
2001.10.28 00:00;105,80000
2001.10.29 00:00;104,80000
2001.10.30 00:00;103,80000
2001.10.31 00:00;102,80000
2001.11.01 00:00;101,80000
2001.11.02 00:00;100,80000
2001.11.03 00:00;101,80000
2001.11.04 00:00;102,80000
2001.11.05 00:00;103,80000
2001.11.06 00:00;102,80000
2001.11.07 00:00;101,80000
2001.11.08 00:00;100,80000
2001.11.09 00:00;99,80000
2001.11.10 00:00;98,80000
2001.11.11 00:00;97,80000
2001.11.12 00:00;96,80000
2001.11.13 00:00;95,80000
2001.11.14 00:00;96,80000
2001.11.15 00:00;97,80000
2001.11.16 00:00;96,80000
2001.11.17 00:00;97,80000
2001.11.18 00:00;96,80000
2001.11.19 00:00;95,80000
2001.11.20 00:00;94,80000
2001.11.21 00:00;93,80000
2001.11.22 00:00;92,80000
2001.11.23 00:00;91,80000
2001.11.24 00:00;92,80000
2001.11.25 00:00;93,80000
2001.11.26 00:00;94,80000
2001.11.27 00:00;95,80000
2001.11.28 00:00;96,80000
2001.11.29 00:00;95,80000
2001.11.30 00:00;96,80000
2001.12.01 00:00;97,80000
2001.12.02 00:00;98,80000
2001.12.03 00:00;97,80000
2001.12.04 00:00;96,80000
2001.12.05 00:00;95,80000
2001.12.06 00:00;94,80000
2001.12.07 00:00;95,80000
2001.12.08 00:00;96,80000
2001.12.09 00:00;97,80000
2001.12.10 00:00;98,80000
2001.12.11 00:00;99,80000
2001.12.12 00:00;100,80000
2001.12.13 00:00;101,80000
2001.12.14 00:00;102,80000
2001.12.15 00:00;103,80000
2001.12.16 00:00;104,80000
2001.12.17 00:00;105,80000
2001.12.18 00:00;106,80000
2001.12.19 00:00;105,80000
2001.12.20 00:00;104,80000
2001.12.21 00:00;103,80000
2001.12.22 00:00;102,80000
2001.12.23 00:00;103,80000
2001.12.24 00:00;104,80000
2001.12.25 00:00;103,80000
2001.12.26 00:00;102,80000
2001.12.27 00:00;101,80000
2001.12.28 00:00;102,80000
2001.12.29 00:00;101,80000
2001.12.30 00:00;102,80000
2001.12.31 00:00;101,80000
2002.01.01 00:00;100,80000
2002.01.02 00:00;99,80000
2002.01.03 00:00;98,80000
2002.01.04 00:00;97,80000
2002.01.05 00:00;96,80000
2002.01.06 00:00;95,80000
2002.01.07 00:00;94,80000
2002.01.08 00:00;93,80000
2002.01.09 00:00;92,80000
2002.01.10 00:00;91,80000
2002.01.11 00:00;90,80000
2002.01.12 00:00;89,80000
2002.01.13 00:00;88,80000
2002.01.14 00:00;87,80000
2002.01.15 00:00;86,80000
2002.01.16 00:00;85,80000
2002.01.17 00:00;84,80000
2002.01.18 00:00;85,80000
2002.01.19 00:00;86,80000
2002.01.20 00:00;87,80000
2002.01.21 00:00;86,80000
2002.01.22 00:00;85,80000
2002.01.23 00:00;84,80000
2002.01.24 00:00;83,80000
2002.01.25 00:00;82,80000
2002.01.26 00:00;81,80000
2002.01.27 00:00;80,80000
2002.01.28 00:00;79,80000
2002.01.29 00:00;78,80000
2002.01.30 00:00;77,80000
2002.01.31 00:00;78,80000
2002.02.01 00:00;77,80000
2002.02.02 00:00;78,80000
2002.02.03 00:00;79,80000
2002.02.04 00:00;80,80000
2002.02.05 00:00;81,80000
2002.02.06 00:00;82,80000
2002.02.07 00:00;83,80000
2002.02.08 00:00;84,80000
2002.02.09 00:00;83,80000
2002.02.10 00:00;82,80000
2002.02.11 00:00;81,80000
2002.02.12 00:00;80,80000
2002.02.13 00:00;81,80000
2002.02.14 00:00;82,80000
2002.02.15 00:00;83,80000
2002.02.16 00:00;84,80000
2002.02.17 00:00;83,80000
2002.02.18 00:00;82,80000
2002.02.19 00:00;81,80000
2002.02.20 00:00;80,80000
2002.02.21 00:00;79,80000
2002.02.22 00:00;80,80000
2002.02.23 00:00;79,80000
2002.02.24 00:00;78,80000
2002.02.25 00:00;77,80000
2002.02.26 00:00;76,80000
2002.02.27 00:00;75,80000
2002.02.28 00:00;74,80000
2002.03.01 00:00;73,80000
2002.03.02 00:00;72,80000
2002.03.03 00:00;71,80000
2002.03.04 00:00;70,80000
2002.03.05 00:00;69,80000
2002.03.06 00:00;70,80000
2002.03.07 00:00;71,80000
2002.03.08 00:00;72,80000
2002.03.09 00:00;73,80000
2002.03.10 00:00;74,80000
2002.03.11 00:00;73,80000
2002.03.12 00:00;72,80000
2002.03.13 00:00;71,80000
2002.03.14 00:00;70,80000
2002.03.15 00:00;69,80000
2002.03.16 00:00;68,80000
2002.03.17 00:00;67,80000
2002.03.18 00:00;66,80000
2002.03.19 00:00;65,80000
2002.03.20 00:00;64,80000
2002.03.21 00:00;63,80000
2002.03.22 00:00;62,80000
2002.03.23 00:00;63,80000
2002.03.24 00:00;64,80000
2002.03.25 00:00;65,80000
2002.03.26 00:00;66,80000
2002.03.27 00:00;67,80000
2002.03.28 00:00;68,80000
2002.03.29 00:00;69,80000
2002.03.30 00:00;70,80000
2002.03.31 00:00;71,80000
2002.04.01 00:00;72,80000
2002.04.02 00:00;73,80000
2002.04.03 00:00;74,80000
2002.04.04 00:00;75,80000
2002.04.05 00:00;76,80000
2002.04.06 00:00;77,80000
2002.04.07 00:00;78,80000
2002.04.08 00:00;79,80000
2002.04.09 00:00;78,80000
2002.04.10 00:00;79,80000
2002.04.11 00:00;80,80000
2002.04.12 00:00;81,80000
2002.04.13 00:00;82,80000
2002.04.14 00:00;83,80000
2002.04.15 00:00;82,80000
2002.04.16 00:00;83,80000
2002.04.17 00:00;84,80000
2002.04.18 00:00;83,80000
2002.04.19 00:00;82,80000
2002.04.20 00:00;81,80000
2002.04.21 00:00;80,80000
2002.04.22 00:00;79,80000
2002.04.23 00:00;78,80000
2002.04.24 00:00;77,80000
2002.04.25 00:00;78,80000
2002.04.26 00:00;79,80000
2002.04.27 00:00;80,80000
2002.04.28 00:00;81,80000
2002.04.29 00:00;82,80000
2002.04.30 00:00;83,80000
2002.05.01 00:00;82,80000
2002.05.02 00:00;81,80000
2002.05.03 00:00;80,80000
2002.05.04 00:00;79,80000
2002.05.05 00:00;80,80000
2002.05.06 00:00;79,80000
2002.05.07 00:00;78,80000
2002.05.08 00:00;77,80000
2002.05.09 00:00;76,80000
2002.05.10 00:00;75,80000
2002.05.11 00:00;76,80000
2002.05.12 00:00;77,80000
2002.05.13 00:00;78,80000
2002.05.14 00:00;79,80000
2002.05.15 00:00;80,80000
2002.05.16 00:00;81,80000
2002.05.17 00:00;82,80000
2002.05.18 00:00;83,80000
2002.05.19 00:00;84,80000
2002.05.20 00:00;85,80000
2002.05.21 00:00;86,80000
2002.05.22 00:00;87,80000
2002.05.23 00:00;88,80000
2002.05.24 00:00;89,80000
2002.05.25 00:00;88,80000
2002.05.26 00:00;87,80000
2002.05.27 00:00;86,80000
2002.05.28 00:00;85,80000
2002.05.29 00:00;84,80000
2002.05.30 00:00;83,80000
2002.05.31 00:00;82,80000
2002.06.01 00:00;81,80000
2002.06.02 00:00;80,80000
2002.06.03 00:00;81,80000
2002.06.04 00:00;80,80000
2002.06.05 00:00;81,80000
2002.06.06 00:00;80,80000
2002.06.07 00:00;79,80000
2002.06.08 00:00;80,80000
2002.06.09 00:00;81,80000
2002.06.10 00:00;82,80000
2002.06.11 00:00;83,80000
2002.06.12 00:00;84,80000
2002.06.13 00:00;85,80000
2002.06.14 00:00;84,80000
2002.06.15 00:00;83,80000
2002.06.16 00:00;84,80000
2002.06.17 00:00;85,80000
2002.06.18 00:00;86,80000
2002.06.19 00:00;87,80000
2002.06.20 00:00;88,80000
2002.06.21 00:00;89,80000
2002.06.22 00:00;90,80000
2002.06.23 00:00;89,80000
2002.06.24 00:00;90,80000
2002.06.25 00:00;91,80000
2002.06.26 00:00;92,80000
2002.06.27 00:00;93,80000
2002.06.28 00:00;94,80000
2002.06.29 00:00;95,80000
2002.06.30 00:00;96,80000
2002.07.01 00:00;97,80000
2002.07.02 00:00;98,80000
2002.07.03 00:00;99,80000
2002.07.04 00:00;100,80000
2002.07.05 00:00;101,80000
2002.07.06 00:00;100,80000
2002.07.07 00:00;99,80000
2002.07.08 00:00;98,80000
2002.07.09 00:00;97,80000
2002.07.10 00:00;98,80000
2002.07.11 00:00;99,80000
2002.07.12 00:00;100,80000
2002.07.13 00:00;101,80000
2002.07.14 00:00;102,80000
2002.07.15 00:00;101,80000
2002.07.16 00:00;100,80000
2002.07.17 00:00;99,80000
2002.07.18 00:00;98,80000
2002.07.19 00:00;97,80000
2002.07.20 00:00;96,80000
2002.07.21 00:00;97,80000
2002.07.22 00:00;98,80000
2002.07.23 00:00;99,80000
2002.07.24 00:00;98,80000
2002.07.25 00:00;97,80000
2002.07.26 00:00;96,80000
2002.07.27 00:00;95,80000
2002.07.28 00:00;94,80000
2002.07.29 00:00;93,80000
2002.07.30 00:00;94,80000
2002.07.31 00:00;95,80000
2002.08.01 00:00;96,80000
2002.08.02 00:00;97,80000
2002.08.03 00:00;96,80000
2002.08.04 00:00;95,80000
2002.08.05 00:00;94,80000
2002.08.06 00:00;93,80000
2002.08.07 00:00;92,80000
2002.08.08 00:00;93,80000
2002.08.09 00:00;94,80000
2002.08.10 00:00;93,80000
2002.08.11 00:00;92,80000
2002.08.12 00:00;91,80000
2002.08.13 00:00;90,80000
2002.08.14 00:00;89,80000
2002.08.15 00:00;88,80000
2002.08.16 00:00;89,80000
2002.08.17 00:00;90,80000
2002.08.18 00:00;89,80000
2002.08.19 00:00;88,80000
2002.08.20 00:00;87,80000
2002.08.21 00:00;86,80000
2002.08.22 00:00;85,80000
2002.08.23 00:00;84,80000
2002.08.24 00:00;83,80000
2002.08.25 00:00;82,80000
2002.08.26 00:00;81,80000
2002.08.27 00:00;80,80000
2002.08.28 00:00;79,80000
2002.08.29 00:00;78,80000
2002.08.30 00:00;79,80000
2002.08.31 00:00;80,80000
2002.09.01 00:00;81,80000
2002.09.02 00:00;82,80000
2002.09.03 00:00;81,80000
2002.09.04 00:00;80,80000
2002.09.05 00:00;79,80000
2002.09.06 00:00;78,80000
2002.09.07 00:00;79,80000
2002.09.08 00:00;80,80000
2002.09.09 00:00;81,80000
2002.09.10 00:00;82,80000
2002.09.11 00:00;83,80000
2002.09.12 00:00;82,80000
2002.09.13 00:00;81,80000
2002.09.14 00:00;80,80000
2002.09.15 00:00;79,80000
2002.09.16 00:00;78,80000
2002.09.17 00:00;79,80000
2002.09.18 00:00;80,80000
2002.09.19 00:00;81,80000
2002.09.20 00:00;82,80000
2002.09.21 00:00;81,80000
2002.09.22 00:00;82,80000
2002.09.23 00:00;83,80000
2002.09.24 00:00;84,80000
2002.09.25 00:00;85,80000
2002.09.26 00:00;86,80000
2002.09.27 00:00;85,80000
2002.09.28 00:00;84,80000
2002.09.29 00:00;83,80000
2002.09.30 00:00;82,80000
2002.10.01 00:00;83,80000
2002.10.02 00:00;82,80000
2002.10.03 00:00;83,80000
2002.10.04 00:00;84,80000
2002.10.05 00:00;85,80000
2002.10.06 00:00;86,80000
2002.10.07 00:00;87,80000
2002.10.08 00:00;88,80000
2002.10.09 00:00;89,80000
2002.10.10 00:00;90,80000
2002.10.11 00:00;89,80000
2002.10.12 00:00;90,80000
2002.10.13 00:00;89,80000
2002.10.14 00:00;90,80000
2002.10.15 00:00;91,80000
2002.10.16 00:00;90,80000
2002.10.17 00:00;89,80000
2002.10.18 00:00;88,80000
2002.10.19 00:00;87,80000
2002.10.20 00:00;86,80000
2002.10.21 00:00;85,80000
2002.10.22 00:00;86,80000
2002.10.23 00:00;87,80000
2002.10.24 00:00;88,80000
2002.10.25 00:00;89,80000
2002.10.26 00:00;90,80000
2002.10.27 00:00;89,80000
2002.10.28 00:00;88,80000
2002.10.29 00:00;89,80000
2002.10.30 00:00;90,80000
2002.10.31 00:00;91,80000
2002.11.01 00:00;92,80000
2002.11.02 00:00;93,80000
2002.11.03 00:00;92,80000
2002.11.04 00:00;91,80000
2002.11.05 00:00;92,80000
2002.11.06 00:00;93,80000
2002.11.07 00:00;92,80000
2002.11.08 00:00;93,80000
2002.11.09 00:00;94,80000
2002.11.10 00:00;95,80000
2002.11.11 00:00;96,80000
2002.11.12 00:00;95,80000
2002.11.13 00:00;94,80000
2002.11.14 00:00;93,80000
2002.11.15 00:00;92,80000
2002.11.16 00:00;91,80000
2002.11.17 00:00;90,80000
2002.11.18 00:00;91,80000
2002.11.19 00:00;92,80000
2002.11.20 00:00;91,80000
2002.11.21 00:00;92,80000
2002.11.22 00:00;93,80000
2002.11.23 00:00;92,80000
2002.11.24 00:00;91,80000
2002.11.25 00:00;90,80000
2002.11.26 00:00;89,80000
2002.11.27 00:00;88,80000
2002.11.28 00:00;87,80000
2002.11.29 00:00;86,80000
2002.11.30 00:00;85,80000
2002.12.01 00:00;84,80000
2002.12.02 00:00;85,80000
2002.12.03 00:00;86,80000
2002.12.04 00:00;87,80000
2002.12.05 00:00;88,80000
2002.12.06 00:00;89,80000
2002.12.07 00:00;90,80000
2002.12.08 00:00;91,80000
2002.12.09 00:00;92,80000
2002.12.10 00:00;93,80000
2002.12.11 00:00;94,80000
2002.12.12 00:00;93,80000
2002.12.13 00:00;92,80000
2002.12.14 00:00;93,80000
2002.12.15 00:00;94,80000
2002.12.16 00:00;95,80000
2002.12.17 00:00;96,80000
2002.12.18 00:00;97,80000
2002.12.19 00:00;98,80000
2002.12.20 00:00;99,80000
2002.12.21 00:00;100,80000
2002.12.22 00:00;101,80000
2002.12.23 00:00;102,80000
2002.12.24 00:00;103,80000
2002.12.25 00:00;104,80000
2002.12.26 00:00;105,80000
2002.12.27 00:00;106,80000
2002.12.28 00:00;107,80000
2002.12.29 00:00;108,80000
2002.12.30 00:00;107,80000
2002.12.31 00:00;106,80000
2003.01.01 00:00;105,80000
2003.01.02 00:00;106,80000
2003.01.03 00:00;107,80000
2003.01.04 00:00;106,80000
2003.01.05 00:00;105,80000
2003.01.06 00:00;106,80000
2003.01.07 00:00;107,80000
2003.01.08 00:00;106,80000
2003.01.09 00:00;105,80000
2003.01.10 00:00;104,80000
2003.01.11 00:00;103,80000
2003.01.12 00:00;102,80000
2003.01.13 00:00;103,80000
2003.01.14 00:00;104,80000
2003.01.15 00:00;105,80000
2003.01.16 00:00;106,80000
2003.01.17 00:00;105,80000
2003.01.18 00:00;104,80000
2003.01.19 00:00;103,80000
2003.01.20 00:00;102,80000
2003.01.21 00:00;101,80000
2003.01.22 00:00;100,80000
2003.01.23 00:00;99,80000
2003.01.24 00:00;100,80000
2003.01.25 00:00;101,80000
2003.01.26 00:00;100,80000
2003.01.27 00:00;99,80000
2003.01.28 00:00;98,80000
2003.01.29 00:00;97,80000
2003.01.30 00:00;96,80000
2003.01.31 00:00;97,80000
2003.02.01 00:00;98,80000
2003.02.02 00:00;99,80000
2003.02.03 00:00;100,80000
2003.02.04 00:00;101,80000
2003.02.05 00:00;102,80000
2003.02.06 00:00;101,80000
2003.02.07 00:00;100,80000
2003.02.08 00:00;99,80000
2003.02.09 00:00;98,80000
2003.02.10 00:00;97,80000
2003.02.11 00:00;96,80000
2003.02.12 00:00;95,80000
2003.02.13 00:00;94,80000
2003.02.14 00:00;95,80000
2003.02.15 00:00;96,80000
2003.02.16 00:00;97,80000
2003.02.17 00:00;96,80000
2003.02.18 00:00;95,80000
2003.02.19 00:00;94,80000
2003.02.20 00:00;95,80000
2003.02.21 00:00;96,80000
2003.02.22 00:00;97,80000
2003.02.23 00:00;98,80000
2003.02.24 00:00;99,80000
2003.02.25 00:00;100,80000
2003.02.26 00:00;101,80000
2003.02.27 00:00;102,80000
2003.02.28 00:00;103,80000
2003.03.01 00:00;104,80000
2003.03.02 00:00;105,80000
2003.03.03 00:00;104,80000
2003.03.04 00:00;103,80000
2003.03.05 00:00;102,80000
2003.03.06 00:00;103,80000
2003.03.07 00:00;104,80000
2003.03.08 00:00;105,80000
2003.03.09 00:00;106,80000
2003.03.10 00:00;107,80000
2003.03.11 00:00;108,80000
2003.03.12 00:00;109,80000
2003.03.13 00:00;110,80000
2003.03.14 00:00;109,80000
2003.03.15 00:00;108,80000
2003.03.16 00:00;107,80000
2003.03.17 00:00;106,80000
2003.03.18 00:00;105,80000
2003.03.19 00:00;104,80000
2003.03.20 00:00;103,80000
2003.03.21 00:00;102,80000
2003.03.22 00:00;101,80000
2003.03.23 00:00;100,80000
2003.03.24 00:00;99,80000
2003.03.25 00:00;98,80000
2003.03.26 00:00;97,80000
2003.03.27 00:00;98,80000
2003.03.28 00:00;97,80000
2003.03.29 00:00;96,80000
2003.03.30 00:00;95,80000
2003.03.31 00:00;94,80000
2003.04.01 00:00;93,80000
2003.04.02 00:00;92,80000
2003.04.03 00:00;91,80000
2003.04.04 00:00;92,80000
2003.04.05 00:00;93,80000
2003.04.06 00:00;94,80000
2003.04.07 00:00;95,80000
2003.04.08 00:00;94,80000
2003.04.09 00:00;93,80000
2003.04.10 00:00;92,80000
2003.04.11 00:00;91,80000
2003.04.12 00:00;90,80000
2003.04.13 00:00;89,80000
2003.04.14 00:00;88,80000
2003.04.15 00:00;89,80000
2003.04.16 00:00;90,80000
2003.04.17 00:00;91,80000
2003.04.18 00:00;92,80000
2003.04.19 00:00;93,80000
2003.04.20 00:00;94,80000
2003.04.21 00:00;93,80000
2003.04.22 00:00;92,80000
2003.04.23 00:00;91,80000
2003.04.24 00:00;92,80000
2003.04.25 00:00;93,80000
2003.04.26 00:00;94,80000
2003.04.27 00:00;95,80000
2003.04.28 00:00;96,80000
2003.04.29 00:00;97,80000
2003.04.30 00:00;98,80000
2003.05.01 00:00;99,80000
2003.05.02 00:00;100,80000
2003.05.03 00:00;99,80000
2003.05.04 00:00;98,80000
2003.05.05 00:00;99,80000
2003.05.06 00:00;98,80000
2003.05.07 00:00;97,80000
2003.05.08 00:00;96,80000
2003.05.09 00:00;95,80000
2003.05.10 00:00;94,80000
2003.05.11 00:00;95,80000
2003.05.12 00:00;96,80000
2003.05.13 00:00;95,80000
2003.05.14 00:00;94,80000
2003.05.15 00:00;95,80000
2003.05.16 00:00;96,80000
2003.05.17 00:00;97,80000
2003.05.18 00:00;96,80000
2003.05.19 00:00;95,80000
2003.05.20 00:00;94,80000
2003.05.21 00:00;93,80000
2003.05.22 00:00;92,80000
2003.05.23 00:00;91,80000
2003.05.24 00:00;90,80000
2003.05.25 00:00;91,80000
2003.05.26 00:00;90,80000
2003.05.27 00:00;89,80000
2003.05.28 00:00;88,80000
2003.05.29 00:00;89,80000
2003.05.30 00:00;90,80000
2003.05.31 00:00;91,80000
2003.06.01 00:00;92,80000
2003.06.02 00:00;93,80000
2003.06.03 00:00;94,80000
2003.06.04 00:00;95,80000
2003.06.05 00:00;96,80000
2003.06.06 00:00;97,80000
2003.06.07 00:00;98,80000
2003.06.08 00:00;99,80000
2003.06.09 00:00;100,80000
2003.06.10 00:00;101,80000
2003.06.11 00:00;100,80000
2003.06.12 00:00;101,80000
2003.06.13 00:00;100,80000
2003.06.14 00:00;99,80000
2003.06.15 00:00;98,80000
2003.06.16 00:00;97,80000
2003.06.17 00:00;98,80000
2003.06.18 00:00;97,80000
2003.06.19 00:00;98,80000
2003.06.20 00:00;99,80000
2003.06.21 00:00;100,80000
2003.06.22 00:00;101,80000
2003.06.23 00:00;102,80000
2003.06.24 00:00;103,80000
2003.06.25 00:00;104,80000
2003.06.26 00:00;103,80000
2003.06.27 00:00;102,80000
2003.06.28 00:00;101,80000
2003.06.29 00:00;102,80000
2003.06.30 00:00;103,80000
2003.07.01 00:00;102,80000
2003.07.02 00:00;101,80000
2003.07.03 00:00;102,80000
2003.07.04 00:00;103,80000
2003.07.05 00:00;104,80000
2003.07.06 00:00;105,80000
2003.07.07 00:00;104,80000
2003.07.08 00:00;103,80000
2003.07.09 00:00;102,80000
2003.07.10 00:00;101,80000
2003.07.11 00:00;100,80000
2003.07.12 00:00;99,80000
2003.07.13 00:00;98,80000
2003.07.14 00:00;99,80000
2003.07.15 00:00;100,80000
2003.07.16 00:00;99,80000
2003.07.17 00:00;100,80000
2003.07.18 00:00;101,80000
2003.07.19 00:00;100,80000
2003.07.20 00:00;99,80000
2003.07.21 00:00;98,80000
2003.07.22 00:00;99,80000
2003.07.23 00:00;100,80000
2003.07.24 00:00;101,80000
2003.07.25 00:00;100,80000
2003.07.26 00:00;99,80000
2003.07.27 00:00;98,80000
2003.07.28 00:00;97,80000
2003.07.29 00:00;96,80000
2003.07.30 00:00;95,80000
2003.07.31 00:00;94,80000
2003.08.01 00:00;95,80000
2003.08.02 00:00;96,80000
2003.08.03 00:00;95,80000
2003.08.04 00:00;96,80000
2003.08.05 00:00;95,80000
2003.08.06 00:00;94,80000
2003.08.07 00:00;93,80000
2003.08.08 00:00;92,80000
2003.08.09 00:00;91,80000
2003.08.10 00:00;90,80000
2003.08.11 00:00;89,80000
2003.08.12 00:00;88,80000
2003.08.13 00:00;87,80000
2003.08.14 00:00;86,80000
2003.08.15 00:00;85,80000
2003.08.16 00:00;84,80000
2003.08.17 00:00;83,80000
2003.08.18 00:00;82,80000
2003.08.19 00:00;81,80000
2003.08.20 00:00;80,80000
2003.08.21 00:00;79,80000
2003.08.22 00:00;78,80000
2003.08.23 00:00;77,80000
2003.08.24 00:00;78,80000
2003.08.25 00:00;79,80000
2003.08.26 00:00;80,80000
2003.08.27 00:00;79,80000
2003.08.28 00:00;78,80000
2003.08.29 00:00;77,80000
2003.08.30 00:00;76,80000
2003.08.31 00:00;75,80000
2003.09.01 00:00;74,80000
2003.09.02 00:00;73,80000
2003.09.03 00:00;72,80000
2003.09.04 00:00;71,80000
2003.09.05 00:00;70,80000
2003.09.06 00:00;69,80000
2003.09.07 00:00;70,80000
2003.09.08 00:00;71,80000
2003.09.09 00:00;72,80000
2003.09.10 00:00;73,80000
2003.09.11 00:00;74,80000
2003.09.12 00:00;75,80000
2003.09.13 00:00;76,80000
2003.09.14 00:00;77,80000
2003.09.15 00:00;78,80000
2003.09.16 00:00;79,80000
2003.09.17 00:00;80,80000
2003.09.18 00:00;81,80000
2003.09.19 00:00;80,80000
2003.09.20 00:00;79,80000
2003.09.21 00:00;78,80000
2003.09.22 00:00;79,80000
2003.09.23 00:00;80,80000
2003.09.24 00:00;81,80000
2003.09.25 00:00;80,80000
2003.09.26 00:00;81,80000
2003.09.27 00:00;82,80000
2003.09.28 00:00;83,80000
2003.09.29 00:00;82,80000
2003.09.30 00:00;81,80000
2003.10.01 00:00;82,80000
2003.10.02 00:00;81,80000
2003.10.03 00:00;80,80000
2003.10.04 00:00;79,80000
2003.10.05 00:00;78,80000
2003.10.06 00:00;77,80000
2003.10.07 00:00;76,80000
2003.10.08 00:00;75,80000
2003.10.09 00:00;76,80000
2003.10.10 00:00;77,80000
2003.10.11 00:00;78,80000
2003.10.12 00:00;77,80000
2003.10.13 00:00;76,80000
2003.10.14 00:00;75,80000
2003.10.15 00:00;74,80000
2003.10.16 00:00;73,80000
2003.10.17 00:00;72,80000
2003.10.18 00:00;71,80000
2003.10.19 00:00;70,80000
2003.10.20 00:00;71,80000
2003.10.21 00:00;72,80000
2003.10.22 00:00;73,80000
2003.10.23 00:00;74,80000
2003.10.24 00:00;75,80000
2003.10.25 00:00;76,80000
2003.10.26 00:00;77,80000
2003.10.27 00:00;78,80000
2003.10.28 00:00;79,80000
2003.10.29 00:00;80,80000
2003.10.30 00:00;79,80000
2003.10.31 00:00;80,80000
2003.11.01 00:00;81,80000
2003.11.02 00:00;82,80000
2003.11.03 00:00;83,80000
2003.11.04 00:00;84,80000
2003.11.05 00:00;85,80000
2003.11.06 00:00;86,80000
2003.11.07 00:00;85,80000
2003.11.08 00:00;84,80000
2003.11.09 00:00;85,80000
2003.11.10 00:00;86,80000
2003.11.11 00:00;87,80000
2003.11.12 00:00;88,80000
2003.11.13 00:00;87,80000
2003.11.14 00:00;86,80000
2003.11.15 00:00;85,80000
2003.11.16 00:00;84,80000
2003.11.17 00:00;83,80000
2003.11.18 00:00;84,80000
2003.11.19 00:00;85,80000
2003.11.20 00:00;84,80000
2003.11.21 00:00;83,80000
2003.11.22 00:00;82,80000
2003.11.23 00:00;81,80000
2003.11.24 00:00;80,80000
2003.11.25 00:00;79,80000
2003.11.26 00:00;78,80000
2003.11.27 00:00;77,80000
2003.11.28 00:00;76,80000
2003.11.29 00:00;77,80000
2003.11.30 00:00;76,80000
2003.12.01 00:00;75,80000
2003.12.02 00:00;74,80000
2003.12.03 00:00;73,80000
2003.12.04 00:00;72,80000
2003.12.05 00:00;71,80000
2003.12.06 00:00;70,80000
2003.12.07 00:00;69,80000
2003.12.08 00:00;68,80000
2003.12.09 00:00;69,80000
2003.12.10 00:00;70,80000
2003.12.11 00:00;71,80000
2003.12.12 00:00;72,80000
2003.12.13 00:00;73,80000
2003.12.14 00:00;74,80000
2003.12.15 00:00;75,80000
2003.12.16 00:00;76,80000
2003.12.17 00:00;77,80000
2003.12.18 00:00;76,80000
2003.12.19 00:00;75,80000
2003.12.20 00:00;74,80000
2003.12.21 00:00;73,80000
2003.12.22 00:00;74,80000
2003.12.23 00:00;75,80000
2003.12.24 00:00;76,80000
2003.12.25 00:00;77,80000
2003.12.26 00:00;78,80000
2003.12.27 00:00;79,80000
2003.12.28 00:00;78,80000
2003.12.29 00:00;77,80000
2003.12.30 00:00;76,80000
2003.12.31 00:00;75,80000
2004.01.01 00:00;76,80000
2004.01.02 00:00;77,80000
2004.01.03 00:00;76,80000
2004.01.04 00:00;77,80000
2004.01.05 00:00;78,80000
2004.01.06 00:00;77,80000
2004.01.07 00:00;76,80000
2004.01.08 00:00;75,80000
2004.01.09 00:00;74,80000
2004.01.10 00:00;73,80000
2004.01.11 00:00;74,80000
2004.01.12 00:00;75,80000
2004.01.13 00:00;74,80000
2004.01.14 00:00;73,80000
2004.01.15 00:00;72,80000
2004.01.16 00:00;71,80000
2004.01.17 00:00;72,80000
2004.01.18 00:00;71,80000
2004.01.19 00:00;72,80000
2004.01.20 00:00;73,80000
2004.01.21 00:00;74,80000
2004.01.22 00:00;75,80000
2004.01.23 00:00;76,80000
2004.01.24 00:00;75,80000
2004.01.25 00:00;74,80000
2004.01.26 00:00;73,80000
2004.01.27 00:00;72,80000
2004.01.28 00:00;71,80000
2004.01.29 00:00;70,80000
2004.01.30 00:00;69,80000
2004.01.31 00:00;68,80000
2004.02.01 00:00;67,80000
2004.02.02 00:00;66,80000
2004.02.03 00:00;65,80000
2004.02.04 00:00;66,80000
2004.02.05 00:00;65,80000
2004.02.06 00:00;64,80000
2004.02.07 00:00;63,80000
2004.02.08 00:00;62,80000
2004.02.09 00:00;61,80000
2004.02.10 00:00;60,80000
2004.02.11 00:00;59,80000
2004.02.12 00:00;58,80000
2004.02.13 00:00;57,80000
2004.02.14 00:00;56,80000
2004.02.15 00:00;55,80000
2004.02.16 00:00;54,80000
2004.02.17 00:00;53,80000
2004.02.18 00:00;54,80000
2004.02.19 00:00;55,80000
2004.02.20 00:00;56,80000
2004.02.21 00:00;57,80000
2004.02.22 00:00;58,80000
2004.02.23 00:00;59,80000
2004.02.24 00:00;60,80000
2004.02.25 00:00;61,80000
2004.02.26 00:00;62,80000
2004.02.27 00:00;61,80000
2004.02.28 00:00;60,80000
2004.02.29 00:00;59,80000
2004.03.01 00:00;58,80000
2004.03.02 00:00;57,80000
2004.03.03 00:00;56,80000
2004.03.04 00:00;55,80000
2004.03.05 00:00;54,80000
2004.03.06 00:00;55,80000
2004.03.07 00:00;56,80000
2004.03.08 00:00;57,80000
2004.03.09 00:00;56,80000
2004.03.10 00:00;55,80000
2004.03.11 00:00;54,80000
2004.03.12 00:00;55,80000
2004.03.13 00:00;56,80000
2004.03.14 00:00;57,80000
2004.03.15 00:00;58,80000
2004.03.16 00:00;59,80000
2004.03.17 00:00;60,80000
2004.03.18 00:00;61,80000
2004.03.19 00:00;62,80000
2004.03.20 00:00;63,80000
2004.03.21 00:00;64,80000
2004.03.22 00:00;63,80000
2004.03.23 00:00;62,80000
2004.03.24 00:00;61,80000
2004.03.25 00:00;60,80000
2004.03.26 00:00;61,80000
2004.03.27 00:00;62,80000
2004.03.28 00:00;63,80000
2004.03.29 00:00;62,80000
2004.03.30 00:00;61,80000
2004.03.31 00:00;60,80000
2004.04.01 00:00;61,80000
2004.04.02 00:00;62,80000
2004.04.03 00:00;63,80000
2004.04.04 00:00;64,80000
2004.04.05 00:00;65,80000
2004.04.06 00:00;66,80000
2004.04.07 00:00;67,80000
2004.04.08 00:00;68,80000
2004.04.09 00:00;69,80000
2004.04.10 00:00;70,80000
2004.04.11 00:00;71,80000
2004.04.12 00:00;72,80000
2004.04.13 00:00;73,80000
2004.04.14 00:00;74,80000
2004.04.15 00:00;75,80000
2004.04.16 00:00;74,80000
2004.04.17 00:00;73,80000
2004.04.18 00:00;74,80000
2004.04.19 00:00;75,80000
2004.04.20 00:00;74,80000
2004.04.21 00:00;73,80000
2004.04.22 00:00;72,80000
2004.04.23 00:00;71,80000
2004.04.24 00:00;70,80000
2004.04.25 00:00;69,80000
2004.04.26 00:00;68,80000
2004.04.27 00:00;67,80000
2004.04.28 00:00;66,80000
2004.04.29 00:00;65,80000
2004.04.30 00:00;64,80000
2004.05.01 00:00;65,80000
2004.05.02 00:00;66,80000
2004.05.03 00:00;65,80000
2004.05.04 00:00;64,80000
2004.05.05 00:00;63,80000
2004.05.06 00:00;62,80000
2004.05.07 00:00;61,80000
2004.05.08 00:00;62,80000
2004.05.09 00:00;63,80000
2004.05.10 00:00;64,80000
2004.05.11 00:00;65,80000
2004.05.12 00:00;66,80000
2004.05.13 00:00;67,80000
2004.05.14 00:00;68,80000
2004.05.15 00:00;69,80000
2004.05.16 00:00;70,80000
2004.05.17 00:00;71,80000
2004.05.18 00:00;72,80000
2004.05.19 00:00;73,80000
2004.05.20 00:00;74,80000
2004.05.21 00:00;75,80000
2004.05.22 00:00;74,80000
2004.05.23 00:00;73,80000
2004.05.24 00:00;72,80000
2004.05.25 00:00;73,80000
2004.05.26 00:00;74,80000
2004.05.27 00:00;75,80000
2004.05.28 00:00;76,80000
2004.05.29 00:00;77,80000
2004.05.30 00:00;78,80000
2004.05.31 00:00;79,80000
2004.06.01 00:00;78,80000
2004.06.02 00:00;77,80000
2004.06.03 00:00;76,80000
2004.06.04 00:00;75,80000
2004.06.05 00:00;74,80000
2004.06.06 00:00;73,80000
2004.06.07 00:00;72,80000
2004.06.08 00:00;71,80000
2004.06.09 00:00;72,80000
2004.06.10 00:00;73,80000
2004.06.11 00:00;72,80000
2004.06.12 00:00;73,80000
2004.06.13 00:00;72,80000
2004.06.14 00:00;71,80000
2004.06.15 00:00;70,80000
2004.06.16 00:00;69,80000
2004.06.17 00:00;70,80000
2004.06.18 00:00;71,80000
2004.06.19 00:00;72,80000
2004.06.20 00:00;71,80000
2004.06.21 00:00;70,80000
2004.06.22 00:00;71,80000
2004.06.23 00:00;70,80000
2004.06.24 00:00;69,80000
2004.06.25 00:00;68,80000
2004.06.26 00:00;67,80000
2004.06.27 00:00;68,80000
2004.06.28 00:00;69,80000
2004.06.29 00:00;70,80000
2004.06.30 00:00;71,80000
2004.07.01 00:00;72,80000
2004.07.02 00:00;73,80000
2004.07.03 00:00;74,80000
2004.07.04 00:00;73,80000
2004.07.05 00:00;72,80000
2004.07.06 00:00;71,80000
2004.07.07 00:00;70,80000
2004.07.08 00:00;69,80000
2004.07.09 00:00;68,80000
2004.07.10 00:00;69,80000
2004.07.11 00:00;70,80000
2004.07.12 00:00;71,80000
2004.07.13 00:00;72,80000
2004.07.14 00:00;73,80000
2004.07.15 00:00;74,80000
2004.07.16 00:00;73,80000
2004.07.17 00:00;72,80000
2004.07.18 00:00;71,80000
2004.07.19 00:00;70,80000
2004.07.20 00:00;69,80000
2004.07.21 00:00;68,80000
2004.07.22 00:00;69,80000
2004.07.23 00:00;70,80000
2004.07.24 00:00;71,80000
2004.07.25 00:00;72,80000
2004.07.26 00:00;73,80000
2004.07.27 00:00;74,80000
2004.07.28 00:00;73,80000
2004.07.29 00:00;74,80000
2004.07.30 00:00;75,80000
2004.07.31 00:00;76,80000
2004.08.01 00:00;75,80000
2004.08.02 00:00;74,80000
2004.08.03 00:00;73,80000
2004.08.04 00:00;74,80000
2004.08.05 00:00;75,80000
2004.08.06 00:00;76,80000
2004.08.07 00:00;77,80000
2004.08.08 00:00;78,80000
2004.08.09 00:00;79,80000
2004.08.10 00:00;80,80000
2004.08.11 00:00;81,80000
2004.08.12 00:00;82,80000
2004.08.13 00:00;83,80000
2004.08.14 00:00;84,80000
2004.08.15 00:00;85,80000
2004.08.16 00:00;86,80000
2004.08.17 00:00;87,80000
2004.08.18 00:00;86,80000
2004.08.19 00:00;87,80000
2004.08.20 00:00;88,80000
2004.08.21 00:00;89,80000
2004.08.22 00:00;90,80000
2004.08.23 00:00;91,80000
2004.08.24 00:00;90,80000
2004.08.25 00:00;89,80000
2004.08.26 00:00;88,80000
2004.08.27 00:00;89,80000
2004.08.28 00:00;90,80000
2004.08.29 00:00;91,80000
2004.08.30 00:00;92,80000
2004.08.31 00:00;93,80000
2004.09.01 00:00;94,80000
2004.09.02 00:00;93,80000
2004.09.03 00:00;94,80000
2004.09.04 00:00;95,80000
2004.09.05 00:00;96,80000
2004.09.06 00:00;97,80000
2004.09.07 00:00;98,80000
2004.09.08 00:00;99,80000
2004.09.09 00:00;100,80000
2004.09.10 00:00;101,80000
2004.09.11 00:00;102,80000
2004.09.12 00:00;103,80000
2004.09.13 00:00;104,80000
2004.09.14 00:00;105,80000
2004.09.15 00:00;106,80000
2004.09.16 00:00;107,80000
2004.09.17 00:00;108,80000
2004.09.18 00:00;109,80000
2004.09.19 00:00;108,80000
2004.09.20 00:00;107,80000
2004.09.21 00:00;106,80000
2004.09.22 00:00;105,80000
2004.09.23 00:00;106,80000
2004.09.24 00:00;107,80000
2004.09.25 00:00;106,80000
2004.09.26 00:00;105,80000
2004.09.27 00:00;104,80000
2004.09.28 00:00;103,80000
2004.09.29 00:00;102,80000
2004.09.30 00:00;101,80000
2004.10.01 00:00;102,80000
2004.10.02 00:00;103,80000
2004.10.03 00:00;102,80000
2004.10.04 00:00;101,80000
2004.10.05 00:00;100,80000
2004.10.06 00:00;99,80000
2004.10.07 00:00;98,80000
2004.10.08 00:00;97,80000
2004.10.09 00:00;98,80000
2004.10.10 00:00;99,80000
2004.10.11 00:00;98,80000
2004.10.12 00:00;97,80000
2004.10.13 00:00;98,80000
2004.10.14 00:00;99,80000
2004.10.15 00:00;100,80000
2004.10.16 00:00;101,80000
2004.10.17 00:00;102,80000
2004.10.18 00:00;101,80000
2004.10.19 00:00;100,80000
2004.10.20 00:00;99,80000
2004.10.21 00:00;98,80000
2004.10.22 00:00;99,80000
2004.10.23 00:00;100,80000
2004.10.24 00:00;101,80000
2004.10.25 00:00;102,80000
2004.10.26 00:00;101,80000
2004.10.27 00:00;100,80000
2004.10.28 00:00;101,80000
2004.10.29 00:00;100,80000
2004.10.30 00:00;99,80000
2004.10.31 00:00;98,80000
2004.11.01 00:00;97,80000
2004.11.02 00:00;96,80000
2004.11.03 00:00;95,80000
2004.11.04 00:00;94,80000
2004.11.05 00:00;93,80000
2004.11.06 00:00;92,80000
2004.11.07 00:00;91,80000
2004.11.08 00:00;92,80000
2004.11.09 00:00;91,80000
2004.11.10 00:00;90,80000
2004.11.11 00:00;89,80000
2004.11.12 00:00;88,80000
2004.11.13 00:00;87,80000
2004.11.14 00:00;86,80000
2004.11.15 00:00;85,80000
2004.11.16 00:00;84,80000
2004.11.17 00:00;85,80000
2004.11.18 00:00;86,80000
2004.11.19 00:00;87,80000
2004.11.20 00:00;88,80000
2004.11.21 00:00;89,80000
2004.11.22 00:00;90,80000
2004.11.23 00:00;91,80000
2004.11.24 00:00;92,80000
2004.11.25 00:00;93,80000
2004.11.26 00:00;94,80000
2004.11.27 00:00;95,80000
2004.11.28 00:00;94,80000
2004.11.29 00:00;95,80000
2004.11.30 00:00;96,80000
2004.12.01 00:00;95,80000
2004.12.02 00:00;94,80000
2004.12.03 00:00;95,80000
2004.12.04 00:00;94,80000
2004.12.05 00:00;95,80000
2004.12.06 00:00;96,80000
2004.12.07 00:00;97,80000
2004.12.08 00:00;98,80000
2004.12.09 00:00;99,80000
2004.12.10 00:00;100,80000
2004.12.11 00:00;101,80000
2004.12.12 00:00;102,80000
2004.12.13 00:00;103,80000
2004.12.14 00:00;104,80000
2004.12.15 00:00;105,80000
2004.12.16 00:00;106,80000
2004.12.17 00:00;107,80000
2004.12.18 00:00;106,80000
2004.12.19 00:00;107,80000
2004.12.20 00:00;108,80000
2004.12.21 00:00;107,80000
2004.12.22 00:00;106,80000
2004.12.23 00:00;107,80000
2004.12.24 00:00;108,80000
2004.12.25 00:00;109,80000
2004.12.26 00:00;110,80000
2004.12.27 00:00;111,80000
2004.12.28 00:00;110,80000
2004.12.29 00:00;109,80000
2004.12.30 00:00;108,80000
2004.12.31 00:00;107,80000
2005.01.01 00:00;108,80000
2005.01.02 00:00;109,80000
2005.01.03 00:00;108,80000
2005.01.04 00:00;107,80000
2005.01.05 00:00;108,80000
2005.01.06 00:00;109,80000
2005.01.07 00:00;110,80000
2005.01.08 00:00;111,80000
2005.01.09 00:00;112,80000
2005.01.10 00:00;113,80000
2005.01.11 00:00;114,80000
2005.01.12 00:00;115,80000
2005.01.13 00:00;116,80000
2005.01.14 00:00;117,80000
2005.01.15 00:00;118,80000
2005.01.16 00:00;119,80000
2005.01.17 00:00;120,80000
2005.01.18 00:00;121,80000
2005.01.19 00:00;122,80000
2005.01.20 00:00;121,80000
2005.01.21 00:00;120,80000
2005.01.22 00:00;119,80000
2005.01.23 00:00;120,80000
2005.01.24 00:00;119,80000
2005.01.25 00:00;120,80000
2005.01.26 00:00;121,80000
2005.01.27 00:00;122,80000
2005.01.28 00:00;123,80000
2005.01.29 00:00;122,80000
2005.01.30 00:00;121,80000
2005.01.31 00:00;120,80000
2005.02.01 00:00;119,80000
2005.02.02 00:00;120,80000
2005.02.03 00:00;121,80000
2005.02.04 00:00;122,80000
2005.02.05 00:00;121,80000
2005.02.06 00:00;122,80000
2005.02.07 00:00;121,80000
2005.02.08 00:00;120,80000
2005.02.09 00:00;121,80000
2005.02.10 00:00;122,80000
2005.02.11 00:00;123,80000
2005.02.12 00:00;124,80000
2005.02.13 00:00;125,80000
2005.02.14 00:00;126,80000
2005.02.15 00:00;127,80000
2005.02.16 00:00;128,80000
2005.02.17 00:00;129,80000
2005.02.18 00:00;130,80000
2005.02.19 00:00;131,80000
2005.02.20 00:00;132,80000
2005.02.21 00:00;133,80000
2005.02.22 00:00;132,80000
2005.02.23 00:00;131,80000
2005.02.24 00:00;132,80000
2005.02.25 00:00;133,80000
2005.02.26 00:00;134,80000
2005.02.27 00:00;135,80000
2005.02.28 00:00;136,80000
2005.03.01 00:00;137,80000
2005.03.02 00:00;138,80000
2005.03.03 00:00;139,80000
2005.03.04 00:00;138,80000
2005.03.05 00:00;137,80000
2005.03.06 00:00;136,80000
2005.03.07 00:00;135,80000
2005.03.08 00:00;134,80000
2005.03.09 00:00;133,80000
2005.03.10 00:00;132,80000
2005.03.11 00:00;131,80000
2005.03.12 00:00;130,80000
2005.03.13 00:00;129,80000
2005.03.14 00:00;128,80000
2005.03.15 00:00;127,80000
2005.03.16 00:00;128,80000
2005.03.17 00:00;129,80000
2005.03.18 00:00;128,80000
2005.03.19 00:00;127,80000
2005.03.20 00:00;128,80000
2005.03.21 00:00;129,80000
2005.03.22 00:00;130,80000
2005.03.23 00:00;131,80000
2005.03.24 00:00;132,80000
2005.03.25 00:00;133,80000
2005.03.26 00:00;134,80000
2005.03.27 00:00;135,80000
2005.03.28 00:00;136,80000
2005.03.29 00:00;137,80000
2005.03.30 00:00;136,80000
2005.03.31 00:00;135,80000
2005.04.01 00:00;134,80000
2005.04.02 00:00;133,80000
2005.04.03 00:00;132,80000
2005.04.04 00:00;131,80000
2005.04.05 00:00;130,80000
2005.04.06 00:00;129,80000
2005.04.07 00:00;128,80000
2005.04.08 00:00;127,80000
2005.04.09 00:00;126,80000
2005.04.10 00:00;127,80000
2005.04.11 00:00;128,80000
2005.04.12 00:00;129,80000
2005.04.13 00:00;130,80000
2005.04.14 00:00;131,80000
2005.04.15 00:00;132,80000
2005.04.16 00:00;133,80000
2005.04.17 00:00;132,80000
2005.04.18 00:00;131,80000
2005.04.19 00:00;130,80000
2005.04.20 00:00;129,80000
2005.04.21 00:00;130,80000
2005.04.22 00:00;131,80000
2005.04.23 00:00;132,80000
2005.04.24 00:00;133,80000
2005.04.25 00:00;134,80000
2005.04.26 00:00;135,80000
2005.04.27 00:00;136,80000
2005.04.28 00:00;137,80000
2005.04.29 00:00;138,80000
2005.04.30 00:00;139,80000
2005.05.01 00:00;138,80000
2005.05.02 00:00;139,80000
2005.05.03 00:00;138,80000
2005.05.04 00:00;137,80000
2005.05.05 00:00;136,80000
2005.05.06 00:00;135,80000
2005.05.07 00:00;136,80000
2005.05.08 00:00;137,80000
2005.05.09 00:00;138,80000
2005.05.10 00:00;137,80000
2005.05.11 00:00;136,80000
2005.05.12 00:00;135,80000
2005.05.13 00:00;136,80000
2005.05.14 00:00;137,80000
2005.05.15 00:00;138,80000
2005.05.16 00:00;137,80000
2005.05.17 00:00;136,80000
2005.05.18 00:00;135,80000
2005.05.19 00:00;136,80000
2005.05.20 00:00;137,80000
2005.05.21 00:00;138,80000
2005.05.22 00:00;139,80000
2005.05.23 00:00;140,80000
2005.05.24 00:00;141,80000
2005.05.25 00:00;142,80000
2005.05.26 00:00;143,80000
2005.05.27 00:00;144,80000
2005.05.28 00:00;143,80000
2005.05.29 00:00;144,80000
2005.05.30 00:00;145,80000
2005.05.31 00:00;146,80000
2005.06.01 00:00;147,80000
2005.06.02 00:00;148,80000
2005.06.03 00:00;149,80000
2005.06.04 00:00;150,80000
2005.06.05 00:00;151,80000
2005.06.06 00:00;152,80000
2005.06.07 00:00;153,80000
2005.06.08 00:00;152,80000
2005.06.09 00:00;151,80000
2005.06.10 00:00;150,80000
2005.06.11 00:00;149,80000
2005.06.12 00:00;150,80000
2005.06.13 00:00;149,80000
2005.06.14 00:00;148,80000
2005.06.15 00:00;147,80000
2005.06.16 00:00;148,80000
2005.06.17 00:00;149,80000
2005.06.18 00:00;150,80000
2005.06.19 00:00;151,80000
2005.06.20 00:00;152,80000
2005.06.21 00:00;153,80000
2005.06.22 00:00;152,80000
2005.06.23 00:00;151,80000
2005.06.24 00:00;150,80000
2005.06.25 00:00;149,80000
2005.06.26 00:00;148,80000
2005.06.27 00:00;147,80000
2005.06.28 00:00;146,80000
2005.06.29 00:00;145,80000
2005.06.30 00:00;146,80000
2005.07.01 00:00;147,80000
2005.07.02 00:00;148,80000
2005.07.03 00:00;149,80000
2005.07.04 00:00;150,80000
2005.07.05 00:00;149,80000
2005.07.06 00:00;148,80000
2005.07.07 00:00;147,80000
2005.07.08 00:00;146,80000
2005.07.09 00:00;147,80000
2005.07.10 00:00;148,80000
2005.07.11 00:00;149,80000
2005.07.12 00:00;150,80000
2005.07.13 00:00;149,80000
2005.07.14 00:00;148,80000
2005.07.15 00:00;147,80000
2005.07.16 00:00;146,80000
2005.07.17 00:00;145,80000
2005.07.18 00:00;144,80000
2005.07.19 00:00;143,80000
2005.07.20 00:00;142,80000
2005.07.21 00:00;143,80000
2005.07.22 00:00;144,80000
2005.07.23 00:00;145,80000
2005.07.24 00:00;146,80000
2005.07.25 00:00;147,80000
2005.07.26 00:00;148,80000
2005.07.27 00:00;149,80000
2005.07.28 00:00;150,80000
2005.07.29 00:00;151,80000
2005.07.30 00:00;152,80000
2005.07.31 00:00;151,80000
2005.08.01 00:00;150,80000
2005.08.02 00:00;149,80000
2005.08.03 00:00;150,80000
2005.08.04 00:00;151,80000
2005.08.05 00:00;152,80000
2005.08.06 00:00;153,80000
2005.08.07 00:00;154,80000
2005.08.08 00:00;155,80000
2005.08.09 00:00;156,80000
2005.08.10 00:00;157,80000
2005.08.11 00:00;158,80000
2005.08.12 00:00;159,80000
2005.08.13 00:00;160,80000
2005.08.14 00:00;159,80000
2005.08.15 00:00;158,80000
2005.08.16 00:00;159,80000
2005.08.17 00:00;160,80000
2005.08.18 00:00;161,80000
2005.08.19 00:00;160,80000
2005.08.20 00:00;159,80000
2005.08.21 00:00;160,80000
2005.08.22 00:00;161,80000
2005.08.23 00:00;162,80000
2005.08.24 00:00;163,80000
2005.08.25 00:00;164,80000
2005.08.26 00:00;165,80000
2005.08.27 00:00;166,80000
2005.08.28 00:00;167,80000
2005.08.29 00:00;168,80000
2005.08.30 00:00;169,80000
2005.08.31 00:00;170,80000
2005.09.01 00:00;171,80000
2005.09.02 00:00;172,80000
2005.09.03 00:00;173,80000
2005.09.04 00:00;174,80000
2005.09.05 00:00;175,80000
2005.09.06 00:00;176,80000
2005.09.07 00:00;175,80000
2005.09.08 00:00;174,80000
2005.09.09 00:00;173,80000
2005.09.10 00:00;174,80000
2005.09.11 00:00;175,80000
2005.09.12 00:00;174,80000
2005.09.13 00:00;173,80000
2005.09.14 00:00;172,80000
2005.09.15 00:00;171,80000
2005.09.16 00:00;170,80000
2005.09.17 00:00;171,80000
2005.09.18 00:00;170,80000
2005.09.19 00:00;171,80000
2005.09.20 00:00;172,80000
2005.09.21 00:00;173,80000
2005.09.22 00:00;174,80000
2005.09.23 00:00;175,80000
2005.09.24 00:00;176,80000
2005.09.25 00:00;177,80000
2005.09.26 00:00;178,80000
2005.09.27 00:00;179,80000
2005.09.28 00:00;178,80000
2005.09.29 00:00;177,80000
2005.09.30 00:00;176,80000
2005.10.01 00:00;175,80000
2005.10.02 00:00;174,80000
2005.10.03 00:00;173,80000
2005.10.04 00:00;172,80000
2005.10.05 00:00;171,80000
2005.10.06 00:00;170,80000
2005.10.07 00:00;169,80000
2005.10.08 00:00;168,80000
2005.10.09 00:00;169,80000
2005.10.10 00:00;170,80000
2005.10.11 00:00;169,80000
2005.10.12 00:00;168,80000
2005.10.13 00:00;167,80000
2005.10.14 00:00;166,80000
2005.10.15 00:00;165,80000
2005.10.16 00:00;164,80000
2005.10.17 00:00;165,80000
2005.10.18 00:00;166,80000
2005.10.19 00:00;167,80000
2005.10.20 00:00;168,80000
2005.10.21 00:00;169,80000
2005.10.22 00:00;170,80000
2005.10.23 00:00;171,80000
2005.10.24 00:00;172,80000
2005.10.25 00:00;173,80000
2005.10.26 00:00;174,80000
2005.10.27 00:00;175,80000
2005.10.28 00:00;176,80000
2005.10.29 00:00;177,80000
2005.10.30 00:00;178,80000
2005.10.31 00:00;177,80000
2005.11.01 00:00;176,80000
2005.11.02 00:00;175,80000
2005.11.03 00:00;174,80000
2005.11.04 00:00;173,80000
2005.11.05 00:00;172,80000
2005.11.06 00:00;173,80000
2005.11.07 00:00;172,80000
2005.11.08 00:00;171,80000
2005.11.09 00:00;170,80000
2005.11.10 00:00;169,80000
2005.11.11 00:00;168,80000
2005.11.12 00:00;167,80000
2005.11.13 00:00;166,80000
2005.11.14 00:00;165,80000
2005.11.15 00:00;164,80000
2005.11.16 00:00;163,80000
2005.11.17 00:00;162,80000
2005.11.18 00:00;163,80000
2005.11.19 00:00;164,80000
2005.11.20 00:00;165,80000
2005.11.21 00:00;166,80000
2005.11.22 00:00;165,80000
2005.11.23 00:00;164,80000
2005.11.24 00:00;163,80000
2005.11.25 00:00;162,80000
2005.11.26 00:00;161,80000
2005.11.27 00:00;160,80000
2005.11.28 00:00;159,80000
2005.11.29 00:00;158,80000
2005.11.30 00:00;157,80000
2005.12.01 00:00;156,80000
2005.12.02 00:00;157,80000
2005.12.03 00:00;158,80000
2005.12.04 00:00;159,80000
2005.12.05 00:00;160,80000
2005.12.06 00:00;161,80000
2005.12.07 00:00;162,80000
2005.12.08 00:00;163,80000
2005.12.09 00:00;162,80000
2005.12.10 00:00;161,80000
2005.12.11 00:00;160,80000
2005.12.12 00:00;159,80000
2005.12.13 00:00;158,80000
2005.12.14 00:00;157,80000
2005.12.15 00:00;158,80000
2005.12.16 00:00;157,80000
2005.12.17 00:00;156,80000
2005.12.18 00:00;157,80000
2005.12.19 00:00;158,80000
2005.12.20 00:00;159,80000
2005.12.21 00:00;160,80000
2005.12.22 00:00;161,80000
2005.12.23 00:00;162,80000
2005.12.24 00:00;163,80000
2005.12.25 00:00;162,80000
2005.12.26 00:00;161,80000
2005.12.27 00:00;160,80000
2005.12.28 00:00;159,80000
2005.12.29 00:00;160,80000
2005.12.30 00:00;161,80000
2005.12.31 00:00;162,80000
2006.01.01 00:00;163,80000
2006.01.02 00:00;164,80000
2006.01.03 00:00;165,80000
2006.01.04 00:00;166,80000
2006.01.05 00:00;165,80000
2006.01.06 00:00;164,80000
2006.01.07 00:00;163,80000
2006.01.08 00:00;162,80000
2006.01.09 00:00;161,80000
2006.01.10 00:00;160,80000
2006.01.11 00:00;159,80000
2006.01.12 00:00;158,80000
2006.01.13 00:00;157,80000
2006.01.14 00:00;156,80000
2006.01.15 00:00;155,80000
2006.01.16 00:00;154,80000
2006.01.17 00:00;153,80000
2006.01.18 00:00;152,80000
2006.01.19 00:00;151,80000
2006.01.20 00:00;150,80000
2006.01.21 00:00;151,80000
2006.01.22 00:00;150,80000
2006.01.23 00:00;149,80000
2006.01.24 00:00;150,80000
2006.01.25 00:00;151,80000
2006.01.26 00:00;152,80000
2006.01.27 00:00;153,80000
2006.01.28 00:00;154,80000
2006.01.29 00:00;155,80000
2006.01.30 00:00;156,80000
2006.01.31 00:00;157,80000
2006.02.01 00:00;158,80000
2006.02.02 00:00;159,80000
2006.02.03 00:00;160,80000
2006.02.04 00:00;161,80000
2006.02.05 00:00;162,80000
2006.02.06 00:00;163,80000
2006.02.07 00:00;164,80000
2006.02.08 00:00;165,80000
2006.02.09 00:00;166,80000
2006.02.10 00:00;165,80000
2006.02.11 00:00;166,80000
2006.02.12 00:00;167,80000
2006.02.13 00:00;168,80000
2006.02.14 00:00;169,80000
2006.02.15 00:00;168,80000
2006.02.16 00:00;167,80000
2006.02.17 00:00;168,80000
2006.02.18 00:00;169,80000
2006.02.19 00:00;170,80000
2006.02.20 00:00;169,80000
2006.02.21 00:00;168,80000
2006.02.22 00:00;167,80000
2006.02.23 00:00;166,80000
2006.02.24 00:00;167,80000
2006.02.25 00:00;168,80000
2006.02.26 00:00;167,80000
2006.02.27 00:00;166,80000
2006.02.28 00:00;165,80000
2006.03.01 00:00;164,80000
2006.03.02 00:00;163,80000
2006.03.03 00:00;162,80000
2006.03.04 00:00;161,80000
2006.03.05 00:00;160,80000
2006.03.06 00:00;161,80000
2006.03.07 00:00;162,80000
2006.03.08 00:00;161,80000
2006.03.09 00:00;160,80000
2006.03.10 00:00;159,80000
2006.03.11 00:00;158,80000
2006.03.12 00:00;157,80000
2006.03.13 00:00;156,80000
2006.03.14 00:00;155,80000
2006.03.15 00:00;154,80000
2006.03.16 00:00;153,80000
2006.03.17 00:00;154,80000
2006.03.18 00:00;155,80000
2006.03.19 00:00;154,80000
2006.03.20 00:00;153,80000
2006.03.21 00:00;152,80000
2006.03.22 00:00;151,80000
2006.03.23 00:00;150,80000
2006.03.24 00:00;149,80000
2006.03.25 00:00;148,80000
2006.03.26 00:00;147,80000
2006.03.27 00:00;146,80000
2006.03.28 00:00;145,80000
2006.03.29 00:00;144,80000
2006.03.30 00:00;143,80000
2006.03.31 00:00;142,80000
2006.04.01 00:00;141,80000
2006.04.02 00:00;140,80000
2006.04.03 00:00;139,80000
2006.04.04 00:00;140,80000
2006.04.05 00:00;141,80000
2006.04.06 00:00;142,80000
2006.04.07 00:00;143,80000
2006.04.08 00:00;144,80000
2006.04.09 00:00;143,80000
2006.04.10 00:00;144,80000
2006.04.11 00:00;145,80000
2006.04.12 00:00;146,80000
2006.04.13 00:00;145,80000
2006.04.14 00:00;144,80000
2006.04.15 00:00;143,80000
2006.04.16 00:00;144,80000
2006.04.17 00:00;145,80000
2006.04.18 00:00;146,80000
2006.04.19 00:00;147,80000
2006.04.20 00:00;148,80000
2006.04.21 00:00;149,80000
2006.04.22 00:00;150,80000
2006.04.23 00:00;151,80000
2006.04.24 00:00;152,80000
2006.04.25 00:00;153,80000
2006.04.26 00:00;154,80000
2006.04.27 00:00;155,80000
2006.04.28 00:00;156,80000
2006.04.29 00:00;157,80000
2006.04.30 00:00;158,80000
2006.05.01 00:00;159,80000
2006.05.02 00:00;160,80000
2006.05.03 00:00;161,80000
2006.05.04 00:00;162,80000
2006.05.05 00:00;161,80000
2006.05.06 00:00;160,80000
2006.05.07 00:00;161,80000
2006.05.08 00:00;162,80000
2006.05.09 00:00;163,80000
2006.05.10 00:00;164,80000
2006.05.11 00:00;165,80000
2006.05.12 00:00;166,80000
2006.05.13 00:00;167,80000
2006.05.14 00:00;168,80000
2006.05.15 00:00;169,80000
2006.05.16 00:00;170,80000
2006.05.17 00:00;171,80000
2006.05.18 00:00;172,80000
2006.05.19 00:00;173,80000
2006.05.20 00:00;174,80000
2006.05.21 00:00;173,80000
2006.05.22 00:00;172,80000
2006.05.23 00:00;171,80000
2006.05.24 00:00;170,80000
2006.05.25 00:00;169,80000
2006.05.26 00:00;170,80000
2006.05.27 00:00;171,80000
2006.05.28 00:00;172,80000
2006.05.29 00:00;173,80000
2006.05.30 00:00;174,80000
2006.05.31 00:00;175,80000
2006.06.01 00:00;176,80000
2006.06.02 00:00;177,80000
2006.06.03 00:00;178,80000
2006.06.04 00:00;179,80000
2006.06.05 00:00;180,80000
2006.06.06 00:00;181,80000
2006.06.07 00:00;182,80000
2006.06.08 00:00;183,80000
2006.06.09 00:00;184,80000
2006.06.10 00:00;185,80000
2006.06.11 00:00;186,80000
2006.06.12 00:00;187,80000
2006.06.13 00:00;188,80000
2006.06.14 00:00;189,80000
2006.06.15 00:00;188,80000
2006.06.16 00:00;187,80000
2006.06.17 00:00;186,80000
2006.06.18 00:00;185,80000
2006.06.19 00:00;184,80000
2006.06.20 00:00;185,80000
2006.06.21 00:00;186,80000
2006.06.22 00:00;187,80000
2006.06.23 00:00;188,80000
2006.06.24 00:00;189,80000
2006.06.25 00:00;190,80000
2006.06.26 00:00;191,80000
2006.06.27 00:00;192,80000
2006.06.28 00:00;191,80000
2006.06.29 00:00;192,80000
2006.06.30 00:00;193,80000
2006.07.01 00:00;194,80000
2006.07.02 00:00;195,80000
2006.07.03 00:00;196,80000
2006.07.04 00:00;195,80000
2006.07.05 00:00;194,80000
2006.07.06 00:00;193,80000
2006.07.07 00:00;192,80000
2006.07.08 00:00;193,80000
2006.07.09 00:00;194,80000
2006.07.10 00:00;195,80000
2006.07.11 00:00;194,80000
2006.07.12 00:00;193,80000
2006.07.13 00:00;194,80000
2006.07.14 00:00;195,80000
2006.07.15 00:00;196,80000
2006.07.16 00:00;197,80000
2006.07.17 00:00;198,80000
2006.07.18 00:00;199,80000
2006.07.19 00:00;200,80000
2006.07.20 00:00;201,80000
2006.07.21 00:00;202,80000
2006.07.22 00:00;203,80000
2006.07.23 00:00;204,80000
2006.07.24 00:00;205,80000
2006.07.25 00:00;206,80000
2006.07.26 00:00;207,80000
2006.07.27 00:00;208,80000
2006.07.28 00:00;209,80000
2006.07.29 00:00;210,80000
2006.07.30 00:00;211,80000
2006.07.31 00:00;212,80000
2006.08.01 00:00;213,80000
2006.08.02 00:00;214,80000
2006.08.03 00:00;215,80000
2006.08.04 00:00;216,80000
2006.08.05 00:00;217,80000
2006.08.06 00:00;218,80000
2006.08.07 00:00;219,80000
2006.08.08 00:00;218,80000
2006.08.09 00:00;217,80000
2006.08.10 00:00;216,80000
2006.08.11 00:00;217,80000
2006.08.12 00:00;218,80000
2006.08.13 00:00;219,80000
2006.08.14 00:00;220,80000
2006.08.15 00:00;221,80000
2006.08.16 00:00;222,80000
2006.08.17 00:00;223,80000
2006.08.18 00:00;224,80000
2006.08.19 00:00;225,80000
2006.08.20 00:00;224,80000
2006.08.21 00:00;225,80000
2006.08.22 00:00;226,80000
2006.08.23 00:00;227,80000
2006.08.24 00:00;228,80000
2006.08.25 00:00;229,80000
2006.08.26 00:00;228,80000
2006.08.27 00:00;227,80000
2006.08.28 00:00;226,80000
2006.08.29 00:00;225,80000
2006.08.30 00:00;226,80000
2006.08.31 00:00;227,80000
2006.09.01 00:00;228,80000
2006.09.02 00:00;227,80000
2006.09.03 00:00;226,80000
2006.09.04 00:00;225,80000
2006.09.05 00:00;224,80000
2006.09.06 00:00;223,80000
2006.09.07 00:00;222,80000
2006.09.08 00:00;221,80000
2006.09.09 00:00;222,80000
2006.09.10 00:00;223,80000
2006.09.11 00:00;222,80000
2006.09.12 00:00;221,80000
2006.09.13 00:00;220,80000
2006.09.14 00:00;221,80000
2006.09.15 00:00;222,80000
2006.09.16 00:00;223,80000
2006.09.17 00:00;224,80000
2006.09.18 00:00;225,80000
2006.09.19 00:00;226,80000
2006.09.20 00:00;225,80000
2006.09.21 00:00;224,80000
2006.09.22 00:00;223,80000
2006.09.23 00:00;222,80000
2006.09.24 00:00;221,80000
2006.09.25 00:00;222,80000
2006.09.26 00:00;223,80000
2006.09.27 00:00;224,80000
2006.09.28 00:00;225,80000
2006.09.29 00:00;226,80000
2006.09.30 00:00;227,80000
2006.10.01 00:00;226,80000
2006.10.02 00:00;225,80000
2006.10.03 00:00;224,80000
2006.10.04 00:00;223,80000
2006.10.05 00:00;222,80000
2006.10.06 00:00;221,80000
2006.10.07 00:00;222,80000
2006.10.08 00:00;223,80000
2006.10.09 00:00;224,80000
2006.10.10 00:00;225,80000
2006.10.11 00:00;226,80000
2006.10.12 00:00;225,80000
2006.10.13 00:00;224,80000
2006.10.14 00:00;223,80000
2006.10.15 00:00;224,80000
2006.10.16 00:00;225,80000
2006.10.17 00:00;226,80000
2006.10.18 00:00;227,80000
2006.10.19 00:00;228,80000
2006.10.20 00:00;229,80000
2006.10.21 00:00;230,80000
2006.10.22 00:00;231,80000
2006.10.23 00:00;232,80000
2006.10.24 00:00;233,80000
2006.10.25 00:00;234,80000
2006.10.26 00:00;235,80000
2006.10.27 00:00;236,80000
2006.10.28 00:00;237,80000
2006.10.29 00:00;238,80000
2006.10.30 00:00;237,80000
2006.10.31 00:00;238,80000
2006.11.01 00:00;237,80000
2006.11.02 00:00;238,80000
2006.11.03 00:00;239,80000
2006.11.04 00:00;240,80000
2006.11.05 00:00;241,80000
2006.11.06 00:00;242,80000
2006.11.07 00:00;243,80000
2006.11.08 00:00;244,80000
2006.11.09 00:00;243,80000
2006.11.10 00:00;244,80000
2006.11.11 00:00;245,80000
2006.11.12 00:00;246,80000
2006.11.13 00:00;247,80000
2006.11.14 00:00;248,80000
2006.11.15 00:00;249,80000
2006.11.16 00:00;248,80000
2006.11.17 00:00;247,80000
2006.11.18 00:00;246,80000
2006.11.19 00:00;247,80000
2006.11.20 00:00;248,80000
2006.11.21 00:00;249,80000
2006.11.22 00:00;250,80000
2006.11.23 00:00;251,80000
2006.11.24 00:00;252,80000
2006.11.25 00:00;253,80000
2006.11.26 00:00;254,80000
2006.11.27 00:00;255,80000
2006.11.28 00:00;256,80000
2006.11.29 00:00;257,80000
2006.11.30 00:00;258,80000
2006.12.01 00:00;259,80000
2006.12.02 00:00;260,80000
2006.12.03 00:00;261,80000
2006.12.04 00:00;262,80000
2006.12.05 00:00;263,80000
2006.12.06 00:00;262,80000
2006.12.07 00:00;261,80000
2006.12.08 00:00;260,80000
2006.12.09 00:00;259,80000
2006.12.10 00:00;258,80000
2006.12.11 00:00;257,80000
2006.12.12 00:00;256,80000
2006.12.13 00:00;257,80000
2006.12.14 00:00;258,80000
2006.12.15 00:00;257,80000
2006.12.16 00:00;256,80000
2006.12.17 00:00;255,80000
2006.12.18 00:00;254,80000
2006.12.19 00:00;253,80000
2006.12.20 00:00;252,80000
2006.12.21 00:00;251,80000
2006.12.22 00:00;252,80000
2006.12.23 00:00;253,80000
2006.12.24 00:00;254,80000
2006.12.25 00:00;255,80000
2006.12.26 00:00;256,80000
