2010.03.12,00:00,10710,10830,10685,10745,256
2010.03.15,00:00,10745,10750,10670,10730,146
2010.03.16,00:00,10730,10830,10730,10830,101
2010.03.17,00:00,10830,10855,10800,10820,101
2010.03.18,00:00,10820,10820,10710,10805,206
2010.03.19,00:00,10805,10815,10690,10700,146
2010.03.22,00:00,10700,10735,10605,10720,241
2010.03.23,00:00,10720,10815,10710,10785,146
2010.03.24,00:00,10785,10850,10730,10820,206
2010.03.25,00:00,10820,10985,10815,10870,291
2010.03.26,00:00,10870,11100,10830,11100,311
2010.03.29,00:00,11100,11170,11045,11170,181
2010.03.30,00:00,11170,11205,11100,11145,186
2010.03.31,00:00,11145,11275,11070,11275,281
2010.04.01,00:00,11275,11410,11270,11375,181
2010.04.02,00:00,11375,11405,11325,11375,161
2010.04.05,00:00,11375,11450,11345,11450,136
2010.04.06,00:00,11450,11450,11295,11305,166
2010.04.07,00:00,11305,11325,11165,11165,181
2010.04.08,00:00,11165,11285,11140,11280,176
2010.04.09,00:00,11280,11300,11260,11285,76
2010.04.12,00:00,11285,11390,11255,11270,256
2010.04.13,00:00,11270,11270,11130,11250,261
2010.04.14,00:00,11250,11325,11205,11310,181
2010.04.15,00:00,11310,11350,11245,11270,171
2010.04.16,00:00,11270,11270,10865,10915,456
2010.04.19,00:00,10915,10990,10815,10990,276
2010.04.20,00:00,10990,11105,10925,11105,246
2010.04.21,00:00,11105,11125,10990,11060,226
2010.04.22,00:00,11060,11060,10790,10930,411
2010.04.23,00:00,10930,11065,10890,11065,216
2010.04.26,00:00,11065,11235,11065,11170,236
2010.04.27,00:00,11170,11230,10865,10890,451
2010.04.28,00:00,10890,11020,10850,10970,261
2010.04.29,00:00,10970,11120,10935,11080,261
2010.04.30,00:00,11080,11125,10960,11015,266
2010.05.03,00:00,11015,11165,10940,11120,346
2010.05.04,00:00,11120,11125,10695,10715,456
2010.05.05,00:00,10715,10790,10595,10675,351
2010.05.06,00:00,10675,10745,9670,10175,1651
2010.05.07,00:00,10175,10515,10050,10270,836
2010.05.10,00:00,10270,10810,10270,10715,636
2010.05.11,00:00,10715,10780,10365,10450,566
2010.05.12,00:00,10450,10580,10360,10550,341
2010.05.13,00:00,10550,10680,10460,10480,371
2010.05.14,00:00,10480,10555,10155,10245,566
2010.05.17,00:00,10245,10360,10140,10290,396
2010.05.18,00:00,10290,10395,10140,10140,361
2010.05.19,00:00,10140,10195,9980,10140,431
2010.05.20,00:00,10140,10170,9695,9755,566
2010.05.21,00:00,9755,9870,9520,9830,626
2010.05.24,00:00,9830,9850,9680,9685,196
2010.05.25,00:00,9685,9685,9290,9600,706
2010.05.26,00:00,9600,9635,9420,9445,276
2010.05.27,00:00,9445,9835,9410,9800,496
2010.05.28,00:00,9800,9870,9630,9665,346
2010.06.01,00:00,9665,9825,9560,9610,476
2010.06.02,00:00,9610,9835,9570,9815,326
2010.06.03,00:00,9815,10000,9790,9965,271
2010.06.04,00:00,9965,9970,9555,9610,476
2010.06.07,00:00,9610,9630,9400,9410,261
2010.06.08,00:00,9410,9585,9370,9500,341
2010.06.09,00:00,9500,9615,9385,9500,461
2010.06.10,00:00,9500,9760,9445,9760,371
2010.06.11,00:00,9760,9855,9675,9845,276
2010.06.14,00:00,9845,9980,9845,9880,236
2010.06.15,00:00,9880,10100,9855,10085,286
2010.06.16,00:00,10085,10200,10025,10090,346
2010.06.17,00:00,10090,10155,9990,10050,291
2010.06.18,00:00,10050,10170,10005,10170,211
2010.06.21,00:00,10170,10305,10150,10185,296
2010.06.22,00:00,10185,10225,9945,9960,336
2010.06.23,00:00,9960,10015,9820,9905,336
2010.06.24,00:00,9905,10045,9730,9790,516
2010.06.25,00:00,9790,9835,9700,9790,271
2010.06.28,00:00,9790,9815,9675,9720,211
2010.06.29,00:00,9720,9790,9320,9380,601
2010.06.30,00:00,9380,9445,9235,9245,286
2010.07.01,00:00,9245,9320,9050,9230,526
2010.07.02,00:00,9230,9345,9100,9100,361
2010.07.06,00:00,9100,9535,9100,9340,631
2010.07.07,00:00,9340,9570,9245,9570,421
2010.07.08,00:00,9570,9655,9510,9605,256
2010.07.09,00:00,9605,9665,9535,9600,256
2010.07.12,00:00,9600,9650,9540,9605,216
2010.07.13,00:00,9605,9685,9525,9685,241
2010.07.14,00:00,9685,9830,9675,9790,206
2010.07.15,00:00,9790,9790,9545,9705,406
2010.07.16,00:00,9705,9705,9205,9260,556
2010.07.19,00:00,9260,9320,9200,9245,226
2010.07.20,00:00,9245,9425,9180,9425,311
2010.07.21,00:00,9425,9450,9215,9215,261
2010.07.22,00:00,9215,9445,9195,9360,356
2010.07.23,00:00,9360,9565,9360,9535,236
2010.07.26,00:00,9535,9570,9445,9540,246
2010.07.27,00:00,9540,9750,9500,9745,296
2010.07.28,00:00,9745,9775,9635,9730,266
2010.07.29,00:00,9730,9755,9520,9540,281
2010.07.30,00:00,9540,9595,9425,9595,286
2010.08.02,00:00,9630,9755,9555,9670,361
2010.08.03,00:00,9670,9755,9490,9505,366
2010.08.04,00:00,9505,9700,9485,9600,336
2010.08.05,00:00,9600,9665,9555,9645,176
2010.08.06,00:00,9645,9690,9465,9525,331
2010.08.09,00:00,9555,9685,9540,9550,286
2010.08.10,00:00,9550,9565,9305,9325,296
2010.08.11,00:00,9325,9330,9070,9125,321
2010.08.12,00:00,9125,9265,9085,9235,251
2010.08.13,00:00,9235,9295,9145,9145,211
2010.08.16,00:00,9175,9225,9090,9170,266
2010.08.17,00:00,9170,9325,9155,9190,321
2010.08.18,00:00,9190,9350,9190,9320,191
2010.08.19,00:00,9320,9385,9165,9220,341
2010.08.20,00:00,9220,9220,9085,9140,191
2010.08.23,00:00,9110,9150,8985,9045,266
2010.08.24,00:00,9045,9045,8795,8895,351
2010.08.25,00:00,8895,8940,8740,8895,401
2010.08.26,00:00,8895,8930,8805,8900,246
2010.08.27,00:00,8900,9170,8890,9170,291
2010.08.30,00:00,9160,9175,8890,8895,306
2010.08.31,00:00,8895,8930,8765,8920,306
2010.09.01,00:00,8920,9140,8860,8995,486
2010.09.02,00:00,8995,9140,8970,9070,266
2010.09.03,00:00,9070,9270,9070,9205,266
2010.09.06,00:00,9265,9330,9220,9255,211
2010.09.07,00:00,9255,9275,9000,9000,296
2010.09.08,00:00,9000,9150,9000,9070,231
2010.09.09,00:00,9070,9270,9060,9195,296
2010.09.10,00:00,9195,9340,9180,9340,176
2010.09.13,00:00,9345,9365,9245,9300,196
2010.09.14,00:00,9300,9570,9190,9535,526
2010.09.15,00:00,9535,9665,9465,9505,371
2010.09.16,00:00,9505,9615,9470,9610,186
2010.09.17,00:00,9610,9655,9525,9540,191
2010.09.20,00:00,9560,9740,9560,9625,296
2010.09.21,00:00,9625,9650,9535,9590,196
2010.09.22,00:00,9590,9595,9425,9500,251
2010.09.23,00:00,9500,9520,9280,9415,396
2010.09.24,00:00,9415,9590,9415,9545,221
2010.09.27,00:00,9565,9600,9520,9565,161
2010.09.28,00:00,9565,9645,9520,9620,196
2010.09.29,00:00,9620,9630,9510,9525,146
2010.09.30,00:00,9525,9525,9390,9405,151
2010.10.01,00:00,9405,9495,9395,9440,166
2010.10.04,00:00,9465,9490,9285,9375,321
2010.10.05,00:00,9375,9715,9375,9715,341
2010.10.06,00:00,9715,9750,9665,9715,171
2010.10.07,00:00,9715,9725,9600,9680,216
2010.10.08,00:00,9680,9685,9525,9665,306
2010.10.11,00:00,9655,9675,9450,9455,251
2010.10.12,00:00,9455,9535,9395,9465,271
2010.10.13,00:00,9465,9635,9425,9620,266
2010.10.14,00:00,9620,9635,9510,9560,191
2010.10.15,00:00,9560,9600,9500,9540,181
2010.10.18,00:00,9545,9600,9485,9545,231
2010.10.19,00:00,9545,9575,9330,9410,356
2010.10.20,00:00,9410,9580,9330,9380,471
2010.10.21,00:00,9380,9480,9345,9435,216
2010.10.22,00:00,9435,9475,9410,9430,126
2010.10.25,00:00,9460,9475,9385,9435,156
2010.10.26,00:00,9435,9475,9360,9380,176
2010.10.27,00:00,9380,9430,9335,9385,186
2010.10.28,00:00,9385,9430,9175,9215,341
2010.10.29,00:00,9215,9250,9160,9160,126
2010.11.01,00:00,9230,9230,9090,9145,196
2010.11.02,00:00,9145,9250,9145,9230,126
2010.11.03,00:00,9230,9385,9180,9365,276
2010.11.04,00:00,9365,9660,9340,9645,361
2010.11.05,00:00,9645,9715,9600,9710,166
2010.11.08,00:00,9720,9755,9665,9700,161
2010.11.09,00:00,9700,9855,9685,9805,236
2010.11.10,00:00,9805,9905,9770,9875,201
2010.11.11,00:00,9875,9890,9740,9780,206
2010.11.12,00:00,9780,9810,9655,9755,286
2010.11.15,00:00,9820,9920,9790,9860,221
2010.11.16,00:00,9860,9860,9675,9805,316
2010.11.17,00:00,9805,10005,9780,9990,266
2010.11.18,00:00,9990,10165,9975,10060,311
2010.11.19,00:00,10060,10115,10015,10115,146
2010.11.22,00:00,10140,10160,9990,10050,251
2010.11.23,00:00,10050,10070,9800,10055,536
2010.11.24,00:00,10055,10150,9940,10115,361
2010.11.25,00:00,10115,10145,10065,10065,111
2010.11.26,00:00,10065,10085,10000,10015,121
2010.11.29,00:00,10120,10165,9950,9970,281
2010.11.30,00:00,9970,9990,9860,9950,241
2010.12.01,00:00,9950,10210,9935,10170,331
2010.12.02,00:00,10170,10320,10155,10185,316
2010.12.03,00:00,10185,10250,10110,10195,271
2010.12.06,00:00,10170,10205,10095,10145,196
2010.12.07,00:00,10145,10265,10130,10230,186
2010.12.08,00:00,10230,10300,10200,10275,156
2010.12.09,00:00,10275,10295,10210,10245,141
2010.12.13,00:00,10280,10370,10280,10320,141
2010.12.14,00:00,10320,10405,10310,10345,166
2010.12.15,00:00,10345,10385,10315,10355,131
2010.12.16,00:00,10355,10410,10310,10325,171
2010.12.17,00:00,10325,10405,10305,10405,121
2010.12.20,00:00,10245,10430,10240,10385,241
2010.12.21,00:00,10385,10430,10375,10405,91
2010.12.22,00:00,10405,10410,10350,10370,86
2010.12.23,00:00,10370,10395,10290,10305,146
2010.12.27,00:00,10400,10400,10330,10355,96
2010.12.28,00:00,10355,10405,10265,10370,266
2010.12.29,00:00,10370,10395,10220,10260,241
2010.12.30,00:00,10260,10295,10185,10200,161
2010.12.31,00:00,10200,10240,10150,10230,151
2011.01.03,00:00,10230,10455,10225,10440,251
2011.01.04,00:00,10440,10450,10345,10395,166
2011.01.05,00:00,10395,10560,10365,10545,241
2011.01.06,00:00,10545,10585,10495,10575,151
2011.01.07,00:00,10575,10590,10450,10505,211
2011.01.10,00:00,10510,10565,10395,10545,306
2011.01.11,00:00,10545,10610,10525,10545,171
2011.01.12,00:00,10545,10665,10530,10605,211
2011.01.13,00:00,10605,10650,10550,10555,151
2011.01.14,00:00,10555,10625,10490,10600,226
2011.01.17,00:00,10520,10570,10480,10560,141
2011.01.18,00:00,10560,10610,10530,10570,151
2011.01.19,00:00,10570,10605,10440,10455,216
2011.01.20,00:00,10455,10525,10310,10325,301
2011.01.21,00:00,10325,10410,10280,10320,256
2011.01.24,00:00,10335,10490,10335,10465,181
2011.01.25,00:00,10465,10500,10355,10430,256
2011.01.26,00:00,10430,10500,10410,10485,126
2011.01.27,00:00,10485,10535,10330,10355,281
2011.01.28,00:00,10355,10420,10215,10215,271
2011.01.31,00:00,10255,10305,10215,10285,151
2011.02.01,00:00,10285,10510,10255,10485,311
2011.02.02,00:00,10485,10490,10420,10435,91
2011.02.03,00:00,10435,10585,10420,10565,201
2011.02.04,00:00,10565,10645,10520,10635,181
2011.02.07,00:00,10615,10685,10575,10645,191
2011.02.08,00:00,10645,10705,10605,10630,186
2011.02.09,00:00,10630,10645,10565,10610,141
2011.02.10,00:00,10610,10690,10550,10630,261
2011.02.11,00:00,10630,10735,10585,10710,221
2011.02.14,00:00,10700,10775,10700,10750,101
2011.02.15,00:00,10750,10845,10720,10820,181
2011.02.16,00:00,10820,10910,10790,10845,216
2011.02.17,00:00,10845,10880,10815,10850,126
2011.02.18,00:00,10850,10880,10825,10850,111
2011.02.21,00:00,10850,10880,10645,10665,286
2011.02.22,00:00,10665,10710,10510,10580,316
2011.02.23,00:00,10580,10635,10445,10505,306
2011.02.24,00:00,10505,10515,10335,10500,356
2011.02.25,00:00,10500,10570,10490,10550,111
2011.02.28,00:00,10580,10735,10580,10720,171
2011.03.01,00:00,10720,10785,10510,10515,346
2011.03.02,00:00,10515,10570,10475,10560,146
2011.03.03,00:00,10560,10770,10535,10690,341
2011.03.04,00:00,10690,10740,10555,10640,321
2011.03.07,00:00,10485,10610,10420,10535,331
2011.03.08,00:00,10535,10660,10505,10575,271
2011.03.09,00:00,10575,10605,10400,10445,281
2011.03.10,00:00,10445,10450,10300,10330,186
2011.03.11,00:00,10330,10330,9925,10005,486
2011.03.14,00:00,9565,9645,8380,8385,1351
2011.03.15,00:00,8385,9120,8370,8805,1081
2011.03.16,00:00,8805,9050,8205,8890,1606
2011.03.17,00:00,8890,9195,8605,9175,896
2011.03.18,00:00,9175,9325,9025,9255,521
2011.03.21,00:00,9390,9580,9375,9470,331
2011.03.22,00:00,9470,9595,9350,9445,466
2011.03.23,00:00,9445,9510,9330,9380,296
2011.03.24,00:00,9380,9575,9325,9460,421
2011.03.25,00:00,9460,9535,9390,9390,221
2011.03.28,00:00,9370,9460,9330,9405,226
2011.03.29,00:00,9405,9655,9405,9650,256
2011.03.30,00:00,9650,9825,9640,9695,326
2011.03.31,00:00,9695,9845,9690,9810,196
2011.04.01,00:00,9810,9860,9710,9790,281
2011.04.04,00:00,9780,9790,9610,9610,191
2011.04.05,00:00,9610,9740,9590,9645,266
2011.04.06,00:00,9645,9705,9580,9645,251
2011.04.07,00:00,9645,9715,9420,9710,526
2011.04.08,00:00,9710,9825,9710,9710,231
2011.04.11,00:00,9720,9755,9510,9565,336
2011.04.12,00:00,9565,9610,9485,9595,221
2011.04.13,00:00,9595,9680,9560,9615,221
2011.04.14,00:00,9615,9690,9560,9595,241
2011.04.15,00:00,9595,9630,9560,9600,136
2011.04.18,00:00,9575,9615,9375,9440,346
2011.04.19,00:00,9440,9635,9420,9620,251
2011.04.20,00:00,9620,9745,9600,9710,988
2011.04.21,00:00,9710,9740,9655,9655,846
2011.04.25,00:00,9705,9755,9635,9635,742
2011.04.26,00:00,9635,9695,9550,9650,739
2011.04.27,00:00,9650,9770,9645,9755,939
2011.04.28,00:00,9755,9955,9720,9935,1164
2011.04.29,00:00,9935,9970,9895,9940,666
2011.05.02,00:00,9975,10050,9925,9955,922
2011.05.03,00:00,9955,9985,9875,9915,1033
2011.05.04,00:00,9915,9955,9810,9825,1143
2011.05.05,00:00,9825,9895,9685,9785,1484
2011.05.06,00:00,9785,9935,9770,9780,1306
2011.05.09,00:00,9880,9900,9770,9810,1214
2011.05.10,00:00,9810,9945,9760,9930,864
2011.05.11,00:00,9930,9935,9720,9775,1069
2011.05.12,00:00,9775,9840,9660,9750,1279
2011.05.13,00:00,9750,9755,9550,9595,1206
2011.05.16,00:00,9575,9630,9505,9515,1114
2011.05.17,00:00,9515,9620,9505,9605,1142
2011.05.18,00:00,9605,9720,9590,9705,1123
2011.05.19,00:00,9705,9730,9600,9610,1018
2011.05.20,00:00,9610,9670,9525,9525,916
2011.05.23,00:00,9535,9545,9380,9415,1023
2011.05.24,00:00,9415,9535,9405,9485,983
2011.05.25,00:00,9485,9525,9410,9500,938
2011.05.26,00:00,9500,9575,9485,9515,988
2011.05.27,00:00,9515,9590,9485,9490,866
2011.05.30,00:00,9475,9535,9450,9495,650
2011.05.31,00:00,9495,9750,9490,9705,893
2011.06.01,00:00,9705,9725,9480,9530,1149
2011.06.02,00:00,9530,9585,9505,9545,978
2011.06.03,00:00,9545,9605,9435,9455,1001
2011.06.06,00:00,9490,9515,9355,9395,1009
2011.06.07,00:00,9395,9515,9385,9445,974
2011.06.08,00:00,9445,9490,9385,9430,879
2011.06.09,00:00,9430,9580,9390,9540,1054
2011.06.10,00:00,9540,9635,9415,9435,1016
2011.06.13,00:00,9410,9485,9395,9455,838
2011.06.14,00:00,9455,9635,9445,9595,953
2011.06.15,00:00,9595,9600,9450,9485,1023
2011.06.16,00:00,9485,9500,9350,9455,1074
2011.06.17,00:00,9455,9455,9310,9375,1111
2011.06.20,00:00,9390,9445,9340,9425,879
2011.06.21,00:00,9425,9560,9385,9540,879
2011.06.22,00:00,9540,9660,9535,9560,904
2011.06.23,00:00,9560,9655,9505,9630,1094
2011.06.24,00:00,9630,9720,9605,9610,951
2011.06.27,00:00,9630,9695,9570,9675,909
2011.06.28,00:00,9675,9790,9640,9780,878
2011.06.29,00:00,9780,9875,9750,9855,879
2011.06.30,00:00,9855,9935,9795,9885,874
2011.07.01,00:00,9885,10020,9850,9995,701
2011.07.04,00:00,9990,10010,9950,9980,498
2011.07.05,00:00,9980,10030,9960,10005,737
2011.07.06,00:00,10005,10100,9980,10055,904
2011.07.07,00:00,10055,10225,10040,10175,984
2011.07.08,00:00,10175,10205,10015,10060,1046
2011.07.11,00:00,10080,10125,9880,9955,909
2011.07.12,00:00,9955,9980,9795,9905,1464
2011.07.13,00:00,9905,10035,9890,9945,1174
2011.07.14,00:00,9945,10015,9890,9935,1314
2011.07.15,00:00,9935,10030,9935,10010,1026
2011.07.18,00:00,10030,10030,9595,9945,1999
2011.07.19,00:00,9945,10030,9895,10025,904
2011.07.20,00:00,10025,10075,10005,10040,779
2011.07.21,00:00,10040,10135,9985,10130,894
2011.07.22,00:00,10130,10185,10095,10150,711
2011.07.25,00:00,10090,10125,10055,10095,739
2011.07.26,00:00,10095,10150,10060,10070,837
2011.07.27,00:00,10070,10070,9900,9945,899
2011.07.28,00:00,9945,9980,9855,9885,1064
2011.07.29,00:00,9885,9925,9760,9820,1116
2011.08.01,00:00,9935,10050,9745,9870,1249
2011.08.02,00:00,9870,9885,9650,9685,1369
2011.08.03,00:00,9685,9700,9525,9695,1664
2011.08.04,00:00,9695,9780,9275,9295,2084
2011.08.05,00:00,9295,9450,9115,9340,2676
2011.08.08,00:00,9155,9260,8695,8775,2894
2011.08.09,00:00,8775,9200,8655,9170,3629
2011.08.10,00:00,9170,9170,8730,8830,2534
2011.08.11,00:00,8830,9145,8780,9085,2549
2011.08.12,00:00,9085,9090,8855,9050,1666
2011.08.15,00:00,9090,9160,9035,9130,1033
2011.08.16,00:00,9130,9155,8990,9035,1419
2011.08.17,00:00,9035,9115,8970,9035,1204
2011.08.18,00:00,9035,9050,8675,8730,1589
2011.08.19,00:00,8730,8800,8595,8630,1751
2011.08.22,00:00,8685,8775,8590,8695,1654
2011.08.23,00:00,8695,8860,8630,8815,1724
2011.08.24,00:00,8815,8820,8615,8755,1583
2011.08.25,00:00,8755,8870,8690,8745,1634
2011.08.26,00:00,8745,8815,8630,8800,1426
2011.08.29,00:00,8795,8960,8755,8960,1249
2011.08.30,00:00,8960,9000,8870,8930,1174
2011.08.31,00:00,8930,9085,8905,9005,1108
2011.09.01,00:00,9005,9100,8945,8975,1224
2011.09.02,00:00,8975,9010,8800,8835,1081
2011.09.05,00:00,8825,8845,8605,8675,1152
2011.09.06,00:00,8675,8755,8585,8745,1434
2011.09.07,00:00,8745,8845,8660,8820,919
2011.09.08,00:00,8820,8830,8690,8725,1449
2011.09.09,00:00,8725,8755,8455,8510,1366
2011.09.12,00:00,8485,8560,8390,8535,1683
2011.09.13,00:00,8535,8615,8465,8575,1393
2011.09.14,00:00,8575,8675,8445,8615,1434
2011.09.15,00:00,8615,8750,8565,8740,1159
2011.09.16,00:00,8740,8845,8725,8820,991
2011.09.19,00:00,8755,8775,8625,8690,1158
2011.09.20,00:00,8690,8745,8630,8665,1109
2011.09.21,00:00,8665,8720,8505,8575,1324
2011.09.22,00:00,8575,8580,8280,8360,1649
2011.09.23,00:00,8360,8490,8275,8445,2056
2011.09.26,00:00,8490,8495,8275,8445,1518
2011.09.27,00:00,8445,8725,8430,8620,1349
2011.09.28,00:00,8620,8695,8530,8535,1419
2011.09.29,00:00,8535,8780,8515,8720,1528
2011.09.30,00:00,8720,8765,8565,8575,1286
2011.10.03,00:00,8545,8605,8345,8410,1559
2011.10.04,00:00,8410,8560,8340,8515,1709
2011.10.05,00:00,8515,8545,8360,8490,1539
2011.10.06,00:00,8490,8620,8490,8615,1359
2011.10.07,00:00,8615,8675,8565,8590,1206
2011.10.10,00:00,8690,8805,8625,8790,1304
2011.10.11,00:00,8790,8815,8715,8735,949
2011.10.12,00:00,8735,8915,8695,8845,1083
2011.10.13,00:00,8845,8860,8755,8780,1058
2011.10.14,00:00,8780,8890,8745,8880,841
2011.10.17,00:00,8890,8960,8755,8755,1416
2011.10.18,00:00,8755,8895,8695,8835,1767
2011.10.19,00:00,8835,8840,8725,8755,1417
2011.10.20,00:00,8755,8755,8645,8695,1557
2011.10.21,00:00,8695,8760,8665,8750,1006
2011.10.24,00:00,8775,8865,8755,8860,1391
2011.10.25,00:00,8860,8870,8680,8685,1471
2011.10.26,00:00,8685,8805,8660,8775,1627
2011.10.27,00:00,8775,9100,8740,9090,1702
2011.10.28,00:00,9090,9095,9005,9070,1151
2011.10.31,00:00,9020,9170,8850,8880,1725
2011.11.01,00:00,8880,8950,8680,8710,2397
2011.11.02,00:00,8710,8730,8615,8650,1896
2011.11.03,00:00,8650,8820,8560,8795,2311
2011.11.04,00:00,8795,8820,8710,8745,1371
2011.11.07,00:00,8760,8815,8685,8745,1401
2011.11.08,00:00,8745,8770,8645,8750,1421
2011.11.09,00:00,8750,8765,8525,8555,1782
2011.11.10,00:00,8555,8580,8460,8520,2022
2011.11.11,00:00,8520,8615,8465,8605,1205
2011.11.14,00:00,8650,8655,8510,8575,1352
2011.11.15,00:00,8575,8595,8495,8555,1346
2011.11.16,00:00,8555,8565,8360,8425,1567
2011.11.17,00:00,8425,8490,8350,8380,1852
2011.11.18,00:00,8380,8455,8360,8395,1206
2011.11.21,00:00,8350,8370,8220,8300,1247
2011.11.22,00:00,8300,8355,8210,8225,1602
2011.11.23,00:00,8225,8235,8135,8165,1646
2011.11.24,00:00,8165,8255,8100,8170,1445
2011.11.25,00:00,8170,8200,8100,8115,1020
2011.11.28,00:00,8300,8415,8270,8375,1082
2011.11.29,00:00,8375,8500,8350,8400,1302
2011.11.30,00:00,8400,8675,8360,8625,1462
2011.12.01,00:00,8625,8660,8560,8620,1351
2011.12.02,00:00,8620,8750,8590,8635,1216
2011.12.05,00:00,8680,8725,8620,8650,1196
2011.12.06,00:00,8650,8655,8540,8645,1230
2011.12.07,00:00,8645,8730,8615,8655,1596
2011.12.08,00:00,8655,8700,8500,8515,1487
2011.12.09,00:00,8515,8655,8505,8645,1230
2011.12.12,00:00,8650,8675,8500,8530,1296
2011.12.13,00:00,8530,8620,8460,8525,1501
2011.12.14,00:00,8525,8530,8375,8410,1282
2011.12.15,00:00,8410,8435,8350,8420,1385
2011.12.16,00:00,8420,8455,8360,8375,1471
2011.12.19,00:00,8335,8365,8275,8350,1575
2011.12.20,00:00,8350,8495,8330,8455,1262
2011.12.21,00:00,8455,8505,8395,8430,1440
2011.12.22,00:00,8430,8555,8385,8525,1331
2011.12.23,00:00,8525,8555,8490,8550,1143
2011.12.26,00:00,8550,8550,8545,8545,6
2011.12.27,00:00,8545,8545,8425,8455,615
2011.12.28,00:00,8455,8460,8345,8350,1095
2011.12.29,00:00,8350,8465,8340,8430,1193
2011.12.30,00:00,8430,8475,8415,8435,797
2012.01.02,00:00,8435,8435,8415,8415,21
2012.01.03,00:00,8415,8595,8415,8575,1070
2012.01.04,00:00,8575,8580,8500,8510,1110
2012.01.05,00:00,8510,8520,8425,8445,1381
2012.01.06,00:00,8445,8450,8350,8360,1115
2012.01.09,00:00,8325,8440,8315,8410,1328
2012.01.10,00:00,8410,8480,8410,8435,1079
2012.01.11,00:00,8435,8455,8395,8395,1128
2012.01.12,00:00,8395,8500,8365,8500,1389
2012.01.13,00:00,8500,8515,8420,8455,1110
2012.01.16,00:00,8370,8470,8185,8415,1729
2012.01.17,00:00,8415,8510,8415,8460,1143
2012.01.18,00:00,8460,8665,8450,8655,1503
2012.01.19,00:00,8655,8775,8630,8750,1255
2012.01.20,00:00,8750,8790,8725,8775,1068
2012.01.23,00:00,8770,8820,8750,8810,1122
2012.01.24,00:00,8810,8865,8760,8860,1219
2012.01.25,00:00,8860,8910,8820,8880,1541
2012.01.26,00:00,8880,8920,8835,8850,1173
2012.01.27,00:00,8850,8890,8800,8845,1103
2012.01.30,00:00,8815,8835,8745,8830,1209
2012.01.31,00:00,8830,8840,8785,8800,1270
2012.02.01,00:00,8800,8900,8770,8890,1248
2012.02.02,00:00,8890,8905,8850,8870,1069
2012.02.03,00:00,8870,8945,8825,8945,909
2012.02.06,00:00,8940,8945,8810,8915,1331
2012.02.07,00:00,8915,8975,8885,8960,1016
2012.02.08,00:00,8960,9010,8950,8950,1157
2012.02.09,00:00,8950,9045,8940,8980,1274
2012.02.10,00:00,8980,8995,8895,8920,936
2012.02.13,00:00,8965,9065,8955,9045,1150
2012.02.14,00:00,9045,9145,8970,9130,2359
2012.02.15,00:00,9130,9310,9130,9285,2624
2012.02.16,00:00,9285,9435,9210,9395,2606
2012.02.17,00:00,9395,9500,9380,9475,1882
2012.02.20,00:00,9520,9610,9430,9495,1985
2012.02.21,00:00,9495,9515,9415,9465,2811
2012.02.22,00:00,9465,9610,9450,9520,2362
2012.02.23,00:00,9520,9615,9520,9595,2236
2012.02.24,00:00,9595,9745,9585,9715,1768
2012.02.27,00:00,9705,9715,9480,9535,2457
2012.02.28,00:00,9535,9840,9530,9825,3057
2012.02.29,00:00,9825,9870,9690,9835,3555
2012.03.01,00:00,9835,9850,9640,9775,3863
2012.03.02,00:00,9775,9815,9730,9800,2347
2012.03.05,00:00,9765,9805,9625,9720,2707
2012.03.06,00:00,9720,9720,9490,9550,3179
2012.03.07,00:00,9550,9655,9500,9640,2885
2012.03.08,00:00,9640,9880,9610,9825,2976
2012.03.09,00:00,9825,10005,9810,9985,2559
2012.03.12,00:00,9980,9980,9835,9890,2510
2012.03.13,00:00,9890,10075,9840,10040,3412
2012.03.14,00:00,10040,10100,9950,10075,2909
2012.03.15,00:00,10075,10115,10025,10060,3529
2012.03.16,00:00,10060,10150,10045,10055,3402
2012.03.19,00:00,10095,10130,10025,10090,3510
2012.03.20,00:00,10090,10120,10000,10065,3180
2012.03.21,00:00,10065,10090,10000,10020,3571
2012.03.22,00:00,10020,10090,9930,9965,4378
2012.03.23,00:00,9965,9985,9865,9955,3607
2012.03.26,00:00,9980,10115,9960,10110,3363
2012.03.27,00:00,10110,10215,10100,10180,3429
2012.03.28,00:00,10180,10230,10100,10155,4697
2012.03.29,00:00,10155,10175,10035,10105,4392
2012.03.30,00:00,10105,10195,10060,10185,4094
2012.04.02,00:00,10200,10220,10000,10105,4504
2012.04.03,00:00,10105,10115,10025,10080,4179
2012.04.04,00:00,10080,10095,9705,9775,6637
2012.04.05,00:00,9775,9830,9650,9735,5531
2012.04.06,00:00,9735,9760,9525,9540,2794
2012.04.09,00:00,9575,9640,9530,9595,4028
2012.04.10,00:00,9595,9675,9360,9400,5810
2012.04.11,00:00,9400,9555,9400,9500,5843
2012.04.12,00:00,9500,9665,9465,9660,4717
2012.04.13,00:00,9660,9705,9530,9530,4569
2012.04.16,00:00,9525,9555,9445,9480,4599
2012.04.17,00:00,9485,9640,9450,9630,2306
2012.04.18,00:00,9630,9705,9590,9600,2204
2012.04.19,00:00,9600,9675,9520,9590,2886
2012.04.20,00:00,9590,9630,9540,9595,2129
2012.04.23,00:00,9600,9655,9410,9480,2558
2012.04.24,00:00,9470,9600,9435,9590,2141
2012.04.25,00:00,9595,9635,9545,9630,2005
2012.04.26,00:00,9625,9645,9515,9585,2211
2012.04.27,00:00,9585,9715,9465,9535,3235
2012.04.30,00:00,9510,9580,9415,9470,1675
2012.05.01,00:00,9475,9475,9300,9405,1820
2012.05.02,00:00,9405,9430,9270,9305,2226
2012.05.03,00:00,9305,9365,9240,9255,1257
2012.05.04,00:00,9260,9270,9145,9160,1644
2012.05.07,00:00,9110,9240,9095,9205,2652
2012.05.08,00:00,9200,9215,9040,9100,2950
2012.05.09,00:00,9100,9105,8940,9005,4206
2012.05.10,00:00,9005,9095,8985,9010,3540
2012.05.11,00:00,9010,9055,8935,8960,2810
2012.05.14,00:00,8985,9035,8845,8905,2591
2012.05.15,00:00,8900,8965,8835,8870,3163
2012.05.16,00:00,8875,8885,8720,8790,3827
2012.05.17,00:00,8785,8880,8670,8705,3720
2012.05.18,00:00,8705,8705,8540,8550,3723
2012.05.21,00:00,8625,8720,8605,8715,2768
2012.05.22,00:00,8710,8790,8690,8705,2661
2012.05.23,00:00,8705,8705,8475,8545,3838
2012.05.24,00:00,8550,8615,8495,8595,3565
2012.05.25,00:00,8600,8625,8550,8565,2579
2012.05.28,00:00,8600,8735,8550,8565,1788
2012.05.29,00:00,8570,8665,8515,8635,3414
2012.05.30,00:00,8640,8650,8480,8490,4018
2012.05.31,00:00,8490,8565,8435,8465,3472
2012.06.01,00:00,8465,8485,8245,8245,4302
2012.06.04,00:00,8230,8380,8230,8335,3029
2012.06.05,00:00,8340,8490,8325,8455,2975
2012.06.06,00:00,8450,8695,8430,8655,2873
2012.06.07,00:00,8660,8720,8600,8620,3514
2012.06.08,00:00,8620,8620,8405,8535,2953
2012.06.11,00:00,8645,8665,8460,8480,2623
2012.06.12,00:00,8475,8585,8450,8565,2837
2012.06.13,00:00,8570,8620,8510,8530,4367
2012.06.14,00:00,8530,8625,8510,8620,3439
2012.06.15,00:00,8615,8645,8545,8625,2964
2012.06.18,00:00,8745,8770,8650,8695,4378
2012.06.19,00:00,8690,8740,8630,8730,3569
2012.06.20,00:00,8720,8830,8710,8800,5386
2012.06.21,00:00,8795,8895,8710,8720,4954
2012.06.22,00:00,8725,8840,8720,8830,3456
2012.06.25,00:00,8830,8830,8625,8665,3179
2012.06.26,00:00,8665,8715,8615,8685,3190
2012.06.27,00:00,8685,8825,8650,8815,2778
2012.06.28,00:00,8815,8890,8785,8820,3429
2012.06.29,00:00,8815,9125,8800,9115,5051
2012.07.02,00:00,9095,9095,9000,9025,3463
2012.07.03,00:00,9025,9170,9025,9120,2684
2012.07.04,00:00,9120,9140,9075,9085,2257
2012.07.05,00:00,9090,9140,9045,9060,2926
2012.07.06,00:00,9055,9085,8940,9010,2771
2012.07.09,00:00,8935,8960,8865,8935,2876
2012.07.10,00:00,8930,8980,8825,8835,4158
2012.07.11,00:00,8835,8895,8810,8870,3457
2012.07.12,00:00,8870,8870,8665,8695,4781
2012.07.13,00:00,8695,8830,8685,8815,3493
2012.07.16,00:00,8820,8820,8700,8730,2141
2012.07.17,00:00,8730,8815,8725,8790,3152
2012.07.18,00:00,8795,8815,8720,8810,2837
2012.07.19,00:00,8810,8840,8780,8785,3306
2012.07.20,00:00,8790,8795,8605,8620,3482
2012.07.23,00:00,8585,8610,8425,8500,2608
2012.07.24,00:00,8505,8520,8365,8400,3252
2012.07.25,00:00,8400,8450,8330,8400,3427
2012.07.26,00:00,8400,8580,8360,8560,4125
2012.07.27,00:00,8560,8740,8515,8690,3991
2012.07.30,00:00,8665,8670,8590,8595,2670
2012.07.31,00:00,8600,8740,8580,8615,4062
2012.08.01,00:00,8615,8685,8580,8655,3019
2012.08.02,00:00,8650,8705,8505,8540,4760
2012.08.03,00:00,8540,8705,8515,8680,2679
2012.08.06,00:00,8695,8785,8665,8725,2144
2012.08.07,00:00,8720,8945,8715,8895,2427
2012.08.08,00:00,8890,8970,8825,8865,2646
2012.08.09,00:00,8865,9005,8860,8930,3099
2012.08.10,00:00,8935,8950,8840,8925,2364
2012.08.13,00:00,8880,8935,8865,8900,3239
2012.08.14,00:00,8905,8995,8895,8950,3396
2012.08.15,00:00,8955,8965,8860,8965,3881
2012.08.16,00:00,8965,9140,8960,9115,2967
2012.08.17,00:00,9115,9230,9090,9215,2856
2012.08.20,00:00,9195,9230,9145,9175,5725
2012.08.21,00:00,9175,9245,9055,9155,3062
2012.08.22,00:00,9160,9160,9035,9080,2690
2012.08.23,00:00,9080,9200,9060,9060,4341
2012.08.24,00:00,9060,9115,9005,9110,3357
2012.08.27,00:00,9135,9150,9075,9130,2890
2012.08.28,00:00,9130,9135,8985,9045,4262
2012.08.29,00:00,9045,9100,9040,9065,11005
2012.08.30,00:00,9065,9065,8900,8900,4183
2012.08.31,00:00,8900,8935,8815,8880,3937
2012.09.03,00:00,8840,8895,8760,8795,4907
2012.09.04,00:00,8800,8805,8720,8760,3454
2012.09.05,00:00,8755,8755,8635,8690,4243
2012.09.06,00:00,8695,8870,8650,8865,9364
2012.09.07,00:00,8860,8935,8800,8870,5688
2012.09.10,00:00,8845,8880,8800,8810,2876
2012.09.11,00:00,8815,8845,8770,8815,2494
2012.09.12,00:00,8815,8945,8815,8905,4028
2012.09.13,00:00,8905,9085,8875,9085,4658
2012.09.14,00:00,9075,9220,9040,9175,3476
2012.09.17,00:00,9170,9215,9105,9110,2444
2012.09.18,00:00,9105,9145,9040,9120,3034
2012.09.19,00:00,9120,9235,9085,9120,3347
2012.09.20,00:00,9120,9160,8985,9060,3385
2012.09.21,00:00,9055,9100,9030,9040,2579
2012.09.24,00:00,9025,9035,8955,8990,2754
2012.09.25,00:00,8980,9060,8935,8945,2919
2012.09.26,00:00,8945,8975,8840,8875,2623
2012.09.27,00:00,8870,9010,8860,8990,2752
2012.09.28,00:00,8985,9000,8825,8870,3188
2012.10.01,00:00,8830,8880,8770,8830,2208
2012.10.02,00:00,8835,8855,8760,8785,3391
2012.10.03,00:00,8790,8820,8740,8795,3624
2012.10.04,00:00,8800,8895,8750,8860,3933
2012.10.05,00:00,8865,8950,8810,8885,3728
2012.10.08,00:00,8885,8900,8785,8820,2676
2012.10.09,00:00,8825,8850,8645,8660,4336
2012.10.10,00:00,8660,8665,8530,8530,4149
2012.10.11,00:00,8525,8640,8525,8540,4158
2012.10.12,00:00,8545,8605,8530,8550,4464
2012.10.15,00:00,8535,8665,8500,8660,5149
2012.10.16,00:00,8660,8805,8650,8775,3504
2012.10.17,00:00,8780,8890,8770,8885,3636
2012.10.18,00:00,8885,9005,8885,8965,3433
2012.10.19,00:00,8965,9030,8850,8850,3502
2012.10.22,00:00,8875,9095,8875,9080,4511
2012.10.23,00:00,9080,9090,8885,8920,4116
2012.10.24,00:00,8920,9060,8915,8970,4920
2012.10.25,00:00,8970,9135,8960,9075,3866
2012.10.26,00:00,9075,9095,8910,8980,6564
2012.10.29,00:00,8975,9000,8890,8960,4247
2012.10.30,00:00,8960,9015,8825,8935,6670
2012.10.31,00:00,8940,9000,8815,8950,5195
2012.11.01,00:00,8945,9075,8880,9070,4946
2012.11.02,00:00,9070,9110,9010,9010,2492
2012.11.05,00:00,9015,9050,8980,9000,2157
2012.11.06,00:00,8995,9075,8970,9040,1846
2012.11.07,00:00,9045,9045,8820,8870,4143
2012.11.08,00:00,8870,8900,8740,8760,3154
2012.11.09,00:00,8755,8795,8660,8750,2848
2012.11.12,00:00,8715,8735,8675,8720,1829
2012.11.13,00:00,8720,8735,8625,8675,2593
2012.11.14,00:00,8675,8785,8660,8705,2496
2012.11.15,00:00,8705,8910,8685,8905,2938
2012.11.16,00:00,8905,9095,8900,9050,3454
2012.11.19,00:00,9165,9225,9120,9200,2291
2012.11.20,00:00,9205,9235,9095,9220,2661
2012.11.21,00:00,9220,9360,9165,9360,2591
2012.11.22,00:00,9360,9455,9310,9440,1814
2012.11.23,00:00,9435,9460,9340,9430,1344
2012.11.26,00:00,9485,9495,9350,9380,2008
2012.11.27,00:00,9385,9460,9355,9375,2767
2012.11.28,00:00,9380,9415,9220,9375,2587
2012.11.29,00:00,9380,9475,9355,9455,2743
2012.11.30,00:00,9455,9540,9385,9500,2949
2012.12.03,00:00,9500,9535,9435,9440,2196
2012.12.04,00:00,9440,9465,9380,9380,2478
2012.12.05,00:00,9385,9545,9385,9530,2692
2012.12.06,00:00,9535,9565,9505,9550,2467
2012.12.07,00:00,9550,9575,9470,9540,2352
2012.12.10,00:00,9575,9585,9470,9515,1866
2012.12.11,00:00,9515,9595,9495,9595,1643
2012.12.12,00:00,9600,9745,9570,9700,1511
2012.12.13,00:00,9705,9810,9690,9740,1906
2012.12.14,00:00,9740,9795,9700,9775,2002
2012.12.17,00:00,9960,9960,9790,9870,2155
2012.12.18,00:00,9870,10090,9865,10070,2237
2012.12.19,00:00,10070,10215,10040,10110,2432
2012.12.20,00:00,10110,10190,10030,10160,2434
2012.12.21,00:00,10160,10185,9935,10095,3311
2012.12.24,00:00,10090,10170,10085,10160,925
2012.12.26,00:00,10100,10390,10100,10345,1026
2012.12.27,00:00,10335,10480,10335,10445,3382
2012.12.28,00:00,10445,10465,10370,10390,2251
2012.12.31,00:00,10375,10510,10345,10510,1535
2013.01.02,00:00,10590,10905,10590,10830,1948
2013.01.03,00:00,10820,10840,10730,10775,2274
2013.01.04,00:00,10770,10825,10670,10775,3180
2013.01.07,00:00,10760,10760,10555,10560,3115
2013.01.08,00:00,10560,10610,10375,10410,3767
2013.01.09,00:00,10415,10665,10410,10655,3469
2013.01.10,00:00,10655,10890,10640,10860,3157
2013.01.11,00:00,10855,10935,10765,10915,3147
2013.01.14,00:00,10945,11025,10940,10940,2323
2013.01.15,00:00,10940,10980,10785,10845,3945
2013.01.16,00:00,10845,10845,10490,10685,4689
2013.01.17,00:00,10685,10915,10445,10865,6887
2013.01.18,00:00,10865,11010,10825,10995,4739
2013.01.21,00:00,10975,10975,10735,10795,4700
2013.01.22,00:00,10800,10885,10575,10600,7497
2013.01.23,00:00,10600,10685,10460,10470,4779
2013.01.24,00:00,10470,10890,10465,10865,4382
2013.01.25,00:00,10860,11095,10830,11015,4516
2013.01.28,00:00,11020,11025,10750,10760,4641
2013.01.29,00:00,10765,10965,10760,10940,4380
2013.01.30,00:00,10940,11205,10925,11070,4459
2013.01.31,00:00,11075,11215,11030,11205,4567
2013.02.01,00:00,11190,11345,11140,11330,4798
2013.02.04,00:00,11295,11355,11130,11160,5073
2013.02.05,00:00,11160,11295,11035,11290,5560
2013.02.06,00:00,11295,11515,11280,11440,5701
2013.02.07,00:00,11435,11465,11235,11340,5628
2013.02.08,00:00,11335,11350,11055,11160,6543
2013.02.11,00:00,11150,11520,11145,11510,3177
2013.02.12,00:00,11515,11520,11325,11375,5765
2013.02.13,00:00,11375,11375,11210,11330,4619
2013.02.14,00:00,11330,11375,11215,11225,5228
2013.02.15,00:00,11225,11350,11070,11315,6104
2013.02.18,00:00,11355,11515,11330,11400,3671
2013.02.19,00:00,11405,11450,11335,11430,3831
2013.02.20,00:00,11425,11565,11410,11410,4836
2013.02.21,00:00,11415,11440,11195,11280,5833
2013.02.22,00:00,11275,11510,11175,11510,5818
2013.02.25,00:00,11600,11685,11115,11240,8287
2013.02.26,00:00,11245,11520,11185,11365,8988
2013.02.27,00:00,11365,11460,11220,11455,6306
2013.02.28,00:00,11455,11640,11415,11495,5514
2013.03.01,00:00,11495,11735,11445,11710,5816
2013.03.04,00:00,11700,11760,11620,11735,5012
2013.03.05,00:00,11740,11840,11665,11830,4595
2013.03.06,00:00,11825,12125,11805,12105,3182
2013.03.07,00:00,12105,12190,11960,12135,5257
2013.03.08,00:00,12140,12470,12100,12440,6802
2013.03.11,00:00,12365,12425,12300,12420,4738
2013.03.12,00:00,12420,12460,12215,12235,5262
2013.03.13,00:00,12230,12370,12220,12325,4554
2013.03.14,00:00,12330,12490,12260,12450,4073
2013.03.15,00:00,12450,12565,12410,12445,4786
2013.03.18,00:00,12325,12455,12215,12380,6827
2013.03.19,00:00,12380,12505,12340,12440,5709
2013.03.20,00:00,12440,12680,12380,12655,3829
2013.03.21,00:00,12655,12675,12470,12515,5811
2013.03.22,00:00,12510,12520,12335,12480,5268
2013.03.25,00:00,12470,12605,12330,12435,5896
2013.03.26,00:00,12430,12560,12420,12520,5797
2013.03.27,00:00,12520,12590,12425,12555,5294
2013.03.28,00:00,12555,12560,12345,12485,5205
2013.03.29,00:00,12485,12485,12480,12480,2
2013.04.01,00:00,12485,12505,12080,12110,4103
2013.04.02,00:00,12110,12255,11865,12220,6431
2013.04.03,00:00,12225,12435,12195,12250,5728
2013.04.04,00:00,12255,13100,12140,13075,10037
2013.04.05,00:00,13070,13300,12825,13155,12195
2013.04.08,00:00,13280,13515,13170,13510,7189
2013.04.09,00:00,13515,13515,13215,13385,7014
2013.04.10,00:00,13385,13595,13265,13590,6007
2013.04.11,00:00,13595,13610,13455,13545,6202
2013.04.12,00:00,13565,13605,13385,13405,6411
2013.04.15,00:00,13385,13465,13015,13020,8806
2013.04.16,00:00,13025,13470,13005,13385,8919
2013.04.17,00:00,13385,13505,13185,13320,7585
2013.04.18,00:00,13310,13435,13255,13300,7677
2013.04.19,00:00,13315,13660,13255,13645,6033
2013.04.22,00:00,13685,13705,13550,13640,4995
2013.04.23,00:00,13635,13830,13530,13805,6091
2013.04.24,00:00,13805,14000,13745,13960,5443
2013.04.25,00:00,13960,14100,13895,14030,4765
2013.04.26,00:00,14030,14050,13810,13835,6974
2013.04.29,00:00,13815,13935,13765,13890,2072
2013.04.30,00:00,13890,13950,13830,13900,3878
2013.05.01,00:00,13905,13905,13785,13815,3426
2013.05.02,00:00,13820,13940,13685,13895,4073
2013.05.03,00:00,13895,14255,13870,14200,2803
2013.05.06,00:00,14210,14270,14185,14230,1834
2013.05.07,00:00,14210,14290,14095,14260,3934
2013.05.08,00:00,14260,14465,14225,14410,4322
2013.05.09,00:00,14410,14615,14210,14570,5704
2013.05.10,00:00,14570,14825,14510,14770,6246
2013.05.13,00:00,14805,14920,14765,14885,4717
2013.05.14,00:00,14880,15120,14790,15105,4700
2013.05.15,00:00,15100,15260,15035,15195,6024
2013.05.16,00:00,15195,15225,14915,15000,7349
2013.05.17,00:00,15005,15415,14935,15375,5556
2013.05.20,00:00,15300,15415,15265,15335,4732
2013.05.21,00:00,15340,15550,15295,15500,4218
2013.05.22,00:00,15500,16010,15470,15680,8686
2013.05.23,00:00,15680,15965,14605,14815,16217
2013.05.24,00:00,14815,15035,13995,14325,26977
2013.05.27,00:00,14350,14450,13705,13955,13409
2013.05.28,00:00,13900,14680,13895,14445,14820
2013.05.29,00:00,14455,14560,13860,14000,16154
2013.05.30,00:00,13990,14110,13560,13860,18346
2013.05.31,00:00,13845,13945,13445,13490,14622
2013.06.03,00:00,13505,13610,12945,13215,12161
2013.06.04,00:00,13215,13720,13070,13575,15323
2013.06.05,00:00,13570,13750,12865,12870,20383
2013.06.06,00:00,12865,13250,12305,12700,21686
2013.06.07,00:00,12705,13305,12525,13205,26149
2013.06.10,00:00,13245,13730,13205,13560,13447
2013.06.11,00:00,13555,13625,12890,12990,22000
2013.06.12,00:00,12995,13560,12985,13125,13955
2013.06.13,00:00,13130,13170,12520,13130,20331
2013.06.14,00:00,13130,13220,12615,12650,20719
2013.06.17,00:00,12665,13320,12665,13065,14685
2013.06.18,00:00,13075,13420,13005,13350,12907
2013.06.19,00:00,13355,13590,13190,13265,13679
2013.06.20,00:00,13270,13410,12875,12900,19719
2013.06.21,00:00,12900,13575,12805,13465,18619
2013.06.24,00:00,13480,13585,12910,13140,17814
2013.06.25,00:00,13145,13345,12860,13290,16036
2013.06.26,00:00,13295,13355,12885,13140,12425
2013.06.27,00:00,13145,13575,12995,13500,10495
2013.06.28,00:00,13505,13905,13445,13830,11188
2013.07.01,00:00,13835,14160,13690,14040,8883
2013.07.02,00:00,14050,14435,13985,14295,8384
2013.07.03,00:00,14295,14385,13895,14160,10803
2013.07.05,00:00,14285,14570,14285,14560,9189
2013.07.08,00:00,14590,14630,14185,14430,8124
2013.07.09,00:00,14420,14610,14295,14535,8104
2013.07.10,00:00,14530,14670,14350,14460,10229
2013.07.11,00:00,14465,14665,14365,14665,11777
2013.07.12,00:00,14665,14715,14510,14585,7638
2013.07.15,00:00,14585,14835,14525,14785,3468
2013.07.16,00:00,14790,14810,14510,14600,6074
2013.07.17,00:00,14605,14765,14525,14715,5846
2013.07.18,00:00,14715,15050,14705,15005,5032
2013.07.19,00:00,15005,15025,14475,14890,10685
2013.07.22,00:00,14935,15000,14580,14730,7423
2013.07.23,00:00,14725,14915,14600,14780,5999
2013.07.24,00:00,14775,14860,14675,14770,5988
2013.07.25,00:00,14770,14805,14325,14435,7999
2013.07.26,00:00,14440,14480,13880,13985,9939
2013.07.29,00:00,13990,13990,13540,13560,8772
2013.07.30,00:00,13555,13945,13550,13745,7865
2013.07.31,00:00,13745,13860,13535,13635,9978
2013.08.01,00:00,13635,14280,13610,14225,8591
2013.08.02,00:00,14225,14560,14180,14355,9377
2013.08.05,00:00,14345,14400,14230,14245,6158
2013.08.06,00:00,14245,14440,14050,14210,8329
2013.08.07,00:00,14210,14230,13730,13770,11543
2013.08.08,00:00,13755,14065,13415,13680,13190
2013.08.09,00:00,13675,13785,13520,13555,10052
2013.08.12,00:00,13565,13685,13435,13640,8597
2013.08.13,00:00,13645,14015,13645,14015,8032
2013.08.14,00:00,14020,14080,13765,13890,8151
2013.08.15,00:00,13890,14000,13500,13535,10299
2013.08.16,00:00,13525,13755,13525,13625,8517
2013.08.19,00:00,13635,13810,13545,13560,6440
2013.08.20,00:00,13560,13740,13330,13400,9221
2013.08.21,00:00,13430,13505,13245,13275,10065
2013.08.22,00:00,13285,13640,13225,13575,7612
2013.08.23,00:00,13575,13785,13565,13730,7123
2013.08.26,00:00,13725,13775,13530,13535,5334
2013.08.27,00:00,13530,13675,13190,13200,8108
2013.08.28,00:00,13205,13445,13175,13345,7904
2013.08.29,00:00,13345,13630,13345,13530,6411
2013.08.30,00:00,13530,13625,13250,13330,8388
2013.09.02,00:00,13420,13825,13415,13825,5358
2013.09.03,00:00,13715,14020,13705,13890,9000
2013.09.04,00:00,13900,14150,13835,14130,7350
2013.09.05,00:00,14135,14175,13945,14100,8040
2013.09.06,00:00,14095,14100,13690,13825,9636
2013.09.09,00:00,13840,14370,13840,14325,7784
2013.09.10,00:00,14320,14595,14285,14580,6509
2013.09.11,00:00,14585,14630,14420,14515,5705
2013.09.12,00:00,14515,14530,14235,14365,6392
2013.09.13,00:00,14370,14475,14255,14460,6472
2013.09.16,00:00,14525,14645,14485,14560,3189
2013.09.17,00:00,14565,14590,14350,14485,4746
2013.09.18,00:00,14450,14830,14435,14805,7123
2013.09.19,00:00,14805,14960,14615,14930,8474
2013.09.20,00:00,14930,14940,14700,14725,5930
2013.09.23,00:00,14710,14810,14590,14660,2926
2013.09.24,00:00,14665,14840,14610,14740,5438
2013.09.25,00:00,14740,14775,14575,14620,6732
2013.09.26,00:00,14625,14940,14490,14905,8840
2013.09.27,00:00,14910,14940,14660,14705,6528
2013.09.30,00:00,14495,14700,14415,14595,8502
2013.10.01,00:00,14595,14735,14430,14570,9633
2013.10.02,00:00,14570,14655,14095,14230,10713
2013.10.03,00:00,14230,14290,14045,14135,8611
2013.10.04,00:00,14140,14265,14005,14245,7895
2013.10.07,00:00,14160,14170,13795,13800,7513
2013.10.08,00:00,13795,13985,13775,13790,8442
2013.10.09,00:00,13795,14185,13780,14110,9384
2013.10.10,00:00,14115,14460,14105,14410,7652
2013.10.11,00:00,14410,14585,14340,14570,7203
2013.10.14,00:00,14425,14595,14325,14575,4083
2013.10.15,00:00,14580,14605,14360,14415,7437
2013.10.16,00:00,14420,14715,14380,14655,6024
2013.10.17,00:00,14655,14725,14490,14655,5581
2013.10.18,00:00,14660,14705,14545,14645,4769
2013.10.21,00:00,14690,14785,14660,14750,3376
2013.10.22,00:00,14745,14875,14690,14805,4525
2013.10.23,00:00,14815,14830,14285,14370,7333
2013.10.24,00:00,14360,14540,14310,14435,5819
2013.10.25,00:00,14445,14485,14120,14215,6370
2013.10.28,00:00,14255,14430,14220,14330,4599
2013.10.29,00:00,14335,14515,14245,14515,5173
2013.10.30,00:00,14515,14610,14455,14585,5440
2013.10.31,00:00,14585,14585,14345,14445,6019
2013.11.01,00:00,14450,14455,14145,14320,5946
2013.11.04,00:00,14335,14355,14260,14340,2112
2013.11.05,00:00,14335,14340,14140,14190,4666
2013.11.06,00:00,14190,14435,14145,14420,5104
2013.11.07,00:00,14420,14425,13905,14010,7851
2013.11.08,00:00,14015,14300,13995,14300,7143
2013.11.11,00:00,14275,14370,14220,14320,3650
2013.11.12,00:00,14320,14615,14295,14605,5524
2013.11.13,00:00,14605,14735,14505,14700,5270
2013.11.14,00:00,14700,15105,14680,15075,7162
2013.11.15,00:00,15080,15385,15010,15330,6643
2013.11.18,00:00,15310,15335,15080,15180,6139
2013.11.19,00:00,15175,15275,15035,15205,6526
2013.11.20,00:00,15210,15255,15075,15160,6946
2013.11.21,00:00,15165,15585,15150,15560,7017
2013.11.22,00:00,15560,15610,15325,15570,6298
2013.11.25,00:00,15525,15645,15485,15530,5091
2013.11.26,00:00,15530,15600,15400,15425,4472
2013.11.27,00:00,15420,15655,15385,15650,4266
2013.11.28,00:00,15650,15735,15625,15705,2480
2013.11.29,00:00,15700,15755,15515,15695,4140
2013.12.02,00:00,15705,15855,15590,15765,4651
2013.12.03,00:00,15765,15805,15445,15575,6551
2013.12.04,00:00,15575,15585,15210,15430,9296
2013.12.05,00:00,15435,15440,15060,15065,8237
2013.12.06,00:00,15060,15600,15060,15565,8322
2013.12.09,00:00,15600,15710,15555,15695,4947
2013.12.10,00:00,15695,15705,15445,15535,5188
2013.12.11,00:00,15530,15630,15380,15395,5763
2013.12.12,00:00,15395,15630,15325,15595,6761
2013.12.13,00:00,15590,15630,15340,15560,7310
2013.12.16,00:00,15540,15545,15235,15420,6347
2013.12.17,00:00,15420,15430,15295,15340,4239
2013.12.18,00:00,15340,15985,15315,15985,7098
2013.12.19,00:00,15980,15985,15835,15885,5930
2013.12.20,00:00,15875,15995,15820,15980,4726
2013.12.23,00:00,16005,16150,15930,16130,2414
2013.12.24,00:00,16125,16140,15940,15960,3148
2013.12.26,00:00,16280,16325,16260,16315,1055
2013.12.27,00:00,16315,16380,16130,16335,4232
2013.12.30,00:00,16360,16400,16250,16340,3650
2013.12.31,00:00,16330,16385,16290,16385,1664
2014.01.02,00:00,16295,16315,16025,16045,2501
2014.01.03,00:00,16045,16135,15910,16130,3578
2014.01.06,00:00,16115,16195,15775,15855,5859
2014.01.07,00:00,15860,16015,15800,15975,5789
2014.01.08,00:00,15970,16180,15955,16055,5766
2014.01.09,00:00,16050,16055,15855,15940,5991
2014.01.10,00:00,15935,16020,15755,15865,6577
2014.01.13,00:00,15885,15890,15465,15540,4751
2014.01.14,00:00,15540,15770,15375,15720,7282
2014.01.15,00:00,15720,15885,15670,15870,5188
2014.01.16,00:00,15870,15975,15630,15685,5587
2014.01.17,00:00,15685,15865,15645,15765,4946
2014.01.20,00:00,15770,15775,15600,15720,3470
2014.01.21,00:00,15735,15925,15720,15820,5320
2014.01.22,00:00,15825,15910,15650,15895,6047
2014.01.23,00:00,15890,15985,15290,15435,8800
2014.01.24,00:00,15440,15505,14965,14980,12798
2014.01.27,00:00,14945,15125,14805,14945,12237
2014.01.28,00:00,14945,15170,14940,15160,7328
2014.01.29,00:00,15165,15395,14870,14985,12925
2014.01.30,00:00,14980,15235,14860,15145,9737
2014.01.31,00:00,15145,15180,14605,14650,12020
2014.02.03,00:00,14695,14865,14150,14180,13318
2014.02.04,00:00,14180,14365,13935,14285,12691
2014.02.05,00:00,14285,14320,14005,14195,13100
2014.02.06,00:00,14200,14495,14130,14460,8975
2014.02.07,00:00,14455,14720,14325,14680,9629
2014.02.10,00:00,14710,14760,14585,14665,6692
2014.02.11,00:00,14665,14955,14595,14890,4471
2014.02.12,00:00,14885,14900,14700,14800,5915
2014.02.13,00:00,14805,14805,14330,14630,7423
2014.02.14,00:00,14625,14690,14245,14445,8322
2014.02.17,00:00,14440,14535,14200,14500,5344
2014.02.18,00:00,14495,14905,14440,14790,8192
2014.02.19,00:00,14785,14815,14640,14680,7473
2014.02.20,00:00,14680,14735,14375,14540,8822
2014.02.21,00:00,14540,14910,14535,14785,6409
2014.02.24,00:00,14805,15040,14650,14945,6992
2014.02.25,00:00,14950,15095,14845,14925,7224
2014.02.26,00:00,14930,15085,14875,14910,6782
2014.02.27,00:00,14910,15020,14695,14935,7832
2014.02.28,00:00,14940,15015,14735,14890,8348
2014.03.03,00:00,14720,14750,14435,14525,10710
2014.03.04,00:00,14525,14980,14525,14950,7906
2014.03.05,00:00,14945,14990,14875,14895,5555
2014.03.06,00:00,14895,15330,14865,15310,6571
2014.03.07,00:00,15310,15425,15145,15305,7897
2014.03.10,00:00,15250,15270,15080,15230,6848
2014.03.11,00:00,15230,15265,14985,15015,6219
2014.03.12,00:00,15015,15040,14675,14835,7153
2014.03.13,00:00,14835,14915,14335,14445,9182
2014.03.14,00:00,14430,14485,14105,14205,10945
2014.03.17,00:00,14245,14505,14155,14475,8729
2014.03.18,00:00,14470,14515,14245,14420,8217
2014.03.19,00:00,14420,14630,14265,14540,10472
2014.03.20,00:00,14545,14550,14160,14320,9020
2014.03.21,00:00,14315,14440,14235,14240,4582
2014.03.24,00:00,14265,14490,14235,14340,8239
2014.03.25,00:00,14335,14480,14260,14415,7428
2014.03.26,00:00,14415,14535,14325,14355,8181
2014.03.27,00:00,14355,14720,14275,14610,10336
2014.03.28,00:00,14605,14890,14570,14830,7077
2014.03.31,00:00,14845,14930,14765,14860,6425
2014.04.01,00:00,14865,14950,14780,14950,5559
2014.04.02,00:00,14945,15130,14925,15130,5716
2014.04.03,00:00,15130,15225,15035,15135,5833
2014.04.04,00:00,15130,15215,14850,14910,7159
2014.04.07,00:00,14900,14945,14730,14745,7298
2014.04.08,00:00,14745,14805,14325,14405,9571
2014.04.09,00:00,14405,14580,14320,14560,7681
2014.04.10,00:00,14560,14570,14010,14085,10081
2014.04.11,00:00,14090,14120,13885,13925,11467
2014.04.14,00:00,13915,14180,13855,14150,8126
2014.04.15,00:00,14145,14205,13925,14200,9507
2014.04.16,00:00,14205,14490,14170,14465,7724
2014.04.17,00:00,14465,14545,14375,14520,7160
2014.04.18,00:00,14515,14515,14505,14505,6
2014.04.21,00:00,14515,14675,14515,14575,3365
2014.04.22,00:00,14580,14635,14370,14505,4820
2014.04.23,00:00,14505,14585,14455,14555,5506
2014.04.24,00:00,14560,14595,14290,14440,6959
2014.04.25,00:00,14440,14580,14280,14340,7067
2014.04.28,00:00,14335,14430,14245,14410,6116
2014.04.29,00:00,14410,14500,14380,14460,3389
2014.04.30,00:00,14460,14470,14225,14310,7127
2014.05.01,00:00,14305,14510,14290,14490,4070
2014.05.02,00:00,14480,14580,14360,14390,6618
2014.05.05,00:00,14395,14415,14265,14355,2590
2014.05.06,00:00,14355,14360,14190,14250,2926
2014.05.07,00:00,14255,14290,14040,14195,7335
2014.05.08,00:00,14200,14265,14070,14095,6704
2014.05.09,00:00,14095,14280,14075,14180,6300
2014.05.12,00:00,14190,14330,14135,14325,4170
2014.05.13,00:00,14330,14480,14315,14465,5156
2014.05.14,00:00,14460,14465,14235,14265,4344
2014.05.15,00:00,14260,14365,14025,14100,6996
2014.05.16,00:00,14100,14175,14015,14170,5816
2014.05.19,00:00,14180,14195,13905,14140,5661
2014.05.20,00:00,14135,14150,13960,13990,5037
2014.05.21,00:00,13985,14230,13930,14180,5586
2014.05.22,00:00,14180,14435,14150,14390,5157
2014.05.23,00:00,14390,14600,14380,14560,3728
2014.05.26,00:00,14575,14625,14530,14620,1882
2014.05.27,00:00,14590,14745,14555,14670,3455
2014.05.28,00:00,14675,14720,14560,14640,4228
2014.05.29,00:00,14640,14750,14570,14745,3476
2014.05.30,00:00,14745,14745,14580,14710,3903
2014.06.02,00:00,14725,15085,14715,15070,4635
2014.06.03,00:00,15075,15090,14960,15060,3612
2014.06.04,00:00,15055,15170,14980,15165,3342
2014.06.05,00:00,15160,15165,15010,15145,5027
2014.06.06,00:00,15145,15195,15035,15195,4124
2014.06.09,00:00,15200,15205,15085,15155,2921
2014.06.10,00:00,15150,15180,14905,15015,3876
2014.06.11,00:00,15015,15105,14930,14975,2398
2014.06.12,00:00,14970,15070,14825,14895,4328
2014.06.13,00:00,14900,15170,14835,15080,4772
2014.06.16,00:00,15075,15075,14880,14965,3588
2014.06.17,00:00,14950,15075,14950,15040,2774
2014.06.18,00:00,15035,15230,15015,15195,3646
2014.06.19,00:00,15200,15415,15150,15395,3497
2014.06.20,00:00,15390,15495,15315,15455,2885
2014.06.23,00:00,15450,15455,15285,15335,3230
2014.06.24,00:00,15330,15490,15260,15310,3195
2014.06.25,00:00,15315,15390,15230,15355,3788
2014.06.26,00:00,15355,15360,15235,15325,2625
2014.06.27,00:00,15330,15335,15050,15150,4432
2014.06.30,00:00,15160,15215,15065,15185,2985
2014.07.01,00:00,15180,15455,15160,15430,3007
2014.07.02,00:00,15430,15465,15365,15425,2567
2014.07.03,00:00,15420,15470,15340,15445,2866
2014.07.04,00:00,15450,15545,15440,15445,1529
2014.07.07,00:00,15470,15495,15310,15320,2197
2014.07.08,00:00,15320,15415,15220,15275,3495
2014.07.09,00:00,15255,15385,15205,15385,3708
2014.07.10,00:00,15385,15390,15025,15115,4601
2014.07.11,00:00,15115,15235,15090,15185,3577
2014.07.14,00:00,15205,15400,15190,15360,2224
2014.07.15,00:00,15355,15455,15330,15415,4308
2014.07.16,00:00,15420,15480,15365,15445,2465
2014.07.17,00:00,15440,15475,15210,15225,4350
2014.07.18,00:00,15225,15365,15115,15335,4129
2014.07.21,00:00,15340,15380,15200,15270,2194
2014.07.22,00:00,15270,15410,15260,15340,3311
2014.07.23,00:00,15345,15390,15315,15360,2474
2014.07.24,00:00,15360,15395,15245,15345,2566
2014.07.25,00:00,15340,15550,15325,15445,3103
2014.07.28,00:00,15440,15605,15420,15565,2913
2014.07.29,00:00,15560,15710,15560,15620,3061
2014.07.30,00:00,15615,15800,15605,15765,4477
2014.07.31,00:00,15770,15785,15470,15475,5569
2014.08.01,00:00,15475,15615,15405,15430,6969
2014.08.04,00:00,15450,15540,15395,15505,4257
2014.08.05,00:00,15505,15530,15170,15225,5316
2014.08.06,00:00,15240,15290,15015,15085,6094
2014.08.07,00:00,15090,15240,14965,14995,7086
2014.08.08,00:00,14995,15065,14665,14985,9515
2014.08.11,00:00,15085,15190,14975,15150,4273
2014.08.12,00:00,15155,15235,15075,15130,4255
2014.08.13,00:00,15130,15325,15105,15315,3889
2014.08.14,00:00,15315,15345,15235,15340,3475
2014.08.15,00:00,15340,15380,15205,15305,4922
2014.08.18,00:00,15340,15430,15300,15425,2598
2014.08.19,00:00,15430,15505,15410,15495,2618
2014.08.20,00:00,15495,15570,15395,15545,3220
2014.08.21,00:00,15545,15655,15515,15645,3149
2014.08.22,00:00,15640,15645,15445,15550,4030
2014.08.25,00:00,15545,15640,15535,15585,1881
2014.08.26,00:00,15585,15615,15460,15545,3038
2014.08.27,00:00,15540,15590,15450,15480,2545
2014.08.28,00:00,15470,15490,15345,15410,3321
2014.08.29,00:00,15415,15465,15355,15440,2862
2014.09.01,00:00,15435,15485,15435,15475,1057
2014.09.02,00:00,15470,15845,15470,15775,4101
2014.09.03,00:00,15770,15830,15690,15710,3638
2014.09.04,00:00,15705,15765,15610,15765,4309
2014.09.05,00:00,15760,15810,15560,15680,5273
2014.09.08,00:00,15690,15805,15650,15800,3328
2014.09.09,00:00,15805,15815,15630,15650,4508
2014.09.10,00:00,15655,15895,15630,15885,3732
2014.09.11,00:00,15880,15895,15775,15890,5050
2014.09.12,00:00,15895,15950,15820,15855,4692
2014.09.15,00:00,15810,15875,15760,15870,2343
2014.09.16,00:00,15870,15950,15795,15940,3629
2014.09.17,00:00,15935,16025,15815,15985,4660
2014.09.18,00:00,15990,16185,15950,16175,3870
2014.09.19,00:00,16170,16320,16130,16235,5408
2014.09.22,00:00,16225,16235,16100,16125,3405
2014.09.23,00:00,16120,16165,16010,16050,3334
2014.09.24,00:00,16045,16305,16005,16270,4176
2014.09.25,00:00,16270,16385,16120,16135,5730
2014.09.26,00:00,16130,16445,16125,16385,4765
2014.09.29,00:00,16375,16415,16185,16285,5347
2014.09.30,00:00,16280,16295,16095,16210,6085
2014.10.01,00:00,16215,16265,15855,15895,6814
2014.10.02,00:00,15900,15960,15395,15590,9817
2014.10.03,00:00,15590,15990,15555,15970,6050
2014.10.06,00:00,15960,15995,15770,15795,7266
2014.10.07,00:00,15790,15940,15505,15510,8662
2014.10.08,00:00,15510,15750,15475,15715,9629
2014.10.09,00:00,15720,15760,15205,15270,11884
2014.10.10,00:00,15270,15420,15050,15055,11958
2014.10.13,00:00,14895,15185,14830,14840,8616
2014.10.14,00:00,14840,15130,14820,14960,13799
2014.10.15,00:00,14965,15115,14500,14705,18069
2014.10.16,00:00,14710,14835,14390,14690,20986
2014.10.17,00:00,14690,14910,14535,14900,13433
2014.10.20,00:00,14930,15185,14925,15145,9742
2014.10.21,00:00,15140,15200,14780,15110,9372
2014.10.22,00:00,15110,15300,15025,15145,8646
2014.10.23,00:00,15145,15485,15085,15390,7799
2014.10.24,00:00,15390,15465,15260,15455,7958
2014.10.27,00:00,15465,15470,15280,15355,7933
2014.10.28,00:00,15360,15460,15285,15455,5585
2014.10.29,00:00,15455,15700,15415,15675,6967
2014.10.30,00:00,15675,15925,15590,15805,8892
2014.10.31,00:00,15800,17075,15800,17075,13136
2014.11.03,00:00,17090,17475,16970,17385,6490
2014.11.04,00:00,17390,17390,16730,16980,12750
2014.11.05,00:00,16975,17175,16830,17095,9349
2014.11.06,00:00,17100,17140,16770,17000,11773
2014.11.07,00:00,17000,17010,16710,16820,8710
2014.11.10,00:00,16770,16985,16725,16955,7011
2014.11.11,00:00,16955,17380,16890,17365,7123
2014.11.12,00:00,17370,17480,17065,17250,9434
2014.11.13,00:00,17255,17520,17135,17425,7746
2014.11.14,00:00,17430,17545,17330,17495,7976
2014.11.17,00:00,17495,17580,16910,17220,9573
2014.11.18,00:00,17215,17475,17190,17450,7479
2014.11.19,00:00,17450,17505,17315,17465,6870
2014.11.20,00:00,17465,17485,17145,17275,7234
2014.11.21,00:00,17275,17560,17125,17405,8743
2014.11.24,00:00,17475,17595,17325,17510,3326
2014.11.25,00:00,17500,17550,17340,17420,5840
2014.11.26,00:00,17415,17450,17315,17350,4757
2014.11.27,00:00,17345,17365,17190,17305,3311
2014.11.28,00:00,17305,17525,17285,17465,3999
2014.12.01,00:00,17390,17660,17360,17530,7845
2014.12.02,00:00,17535,17825,17455,17780,5637
2014.12.03,00:00,17785,17915,17700,17915,5761
2014.12.04,00:00,17905,17920,17725,17855,7246
2014.12.05,00:00,17855,18105,17765,18040,5749
2014.12.08,00:00,18075,18080,17685,17740,6063
2014.12.09,00:00,17740,17895,17305,17610,11337
2014.12.10,00:00,17610,17690,17160,17265,10488
2014.12.11,00:00,17270,17670,17145,17350,11845
2014.12.12,00:00,17355,17630,17245,17285,14586
2014.12.15,00:00,17260,17350,16690,16785,16317
2014.12.16,00:00,16780,16975,16520,16640,20792
2014.12.17,00:00,16640,17330,16630,17275,16307
2014.12.18,00:00,17275,17665,17240,17645,10722
2014.12.19,00:00,17640,17855,17560,17785,9763
2014.12.22,00:00,17780,17860,17645,17845,6554
2014.12.23,00:00,17845,17995,17790,17945,3561
2014.12.24,00:00,17945,17965,17845,17905,2762
2014.12.26,00:00,17820,18035,17815,18005,2176
2014.12.29,00:00,18010,18040,17605,17820,7504
2014.12.30,00:00,17820,17835,17285,17410,8319
2014.12.31,00:00,17410,17495,17330,17420,3918
2015.01.02,00:00,17340,17670,17340,17495,8063
2015.01.05,00:00,17420,17630,17095,17165,13154
2015.01.06,00:00,17160,17165,16600,16750,17690
2015.01.07,00:00,16745,17215,16730,17055,15374
2015.01.08,00:00,17050,17480,17030,17415,9269
2015.01.09,00:00,17420,17460,16965,16970,16013
2015.01.12,00:00,16970,17125,16790,16925,9845
2015.01.13,00:00,16930,17270,16820,16970,13879
2015.01.14,00:00,16975,17075,16570,16830,17490
2015.01.15,00:00,16830,17230,16765,16805,25212
2015.01.16,00:00,16805,17120,16580,17120,19522
2015.01.19,00:00,17065,17170,16950,17105,6792
2015.01.20,00:00,17100,17525,17065,17430,12941
2015.01.21,00:00,17430,17445,17115,17365,14260
2015.01.22,00:00,17365,17625,17180,17575,13176
2015.01.23,00:00,17575,17630,17380,17435,10941
2015.01.26,00:00,17375,17740,17305,17710,8996
2015.01.27,00:00,17715,17800,17515,17690,12694
2015.01.28,00:00,17690,17905,17550,17595,15225
2015.01.29,00:00,17600,17880,17570,17865,14113
2015.01.30,00:00,17860,17885,17490,17495,14060
2015.02.02,00:00,17485,17705,17485,17700,14625
2015.02.03,00:00,17705,17705,17295,17595,12364
2015.02.04,00:00,17595,17770,17545,17555,11837
2015.02.05,00:00,17555,17765,17475,17735,10216
2015.02.06,00:00,17740,17945,17630,17785,9223
2015.02.09,00:00,17820,17830,17550,17615,8216
2015.02.10,00:00,17610,17885,17560,17850,8289
2015.02.11,00:00,17845,18100,17810,18050,5121
2015.02.12,00:00,18050,18050,17720,17945,10112
2015.02.13,00:00,17945,18110,17865,18085,5925
2015.02.16,00:00,18025,18095,17975,17975,3752
2015.02.17,00:00,17945,18190,17910,18145,6166
2015.02.18,00:00,18140,18350,18095,18265,6351
2015.02.19,00:00,18265,18400,18230,18370,5465
2015.02.20,00:00,18370,18555,18280,18540,6579
2015.02.23,00:00,18500,18530,18415,18500,4407
2015.02.24,00:00,18505,18705,18445,18675,4125
2015.02.25,00:00,18675,18685,18560,18630,4881
2015.02.26,00:00,18630,18920,18595,18875,4640
2015.02.27,00:00,18875,18875,18725,18820,5974
2015.03.02,00:00,18860,18985,18780,18935,5681
2015.03.03,00:00,18930,18935,18655,18740,6161
2015.03.04,00:00,18745,18745,18570,18695,6724
2015.03.05,00:00,18695,18920,18650,18855,5855
2015.03.06,00:00,18850,19085,18815,18835,8327
2015.03.09,00:00,18870,18895,18695,18855,6309
2015.03.10,00:00,18850,18910,18495,18545,10090
2015.03.11,00:00,18540,18815,18515,18765,6478
2015.03.12,00:00,18765,19210,18745,19180,7369
2015.03.13,00:00,19175,19320,19095,19265,8715
2015.03.16,00:00,19285,19445,19190,19370,5647
2015.03.17,00:00,19375,19515,19330,19435,5345
2015.03.18,00:00,19435,19570,19350,19450,7560
2015.03.19,00:00,19445,19510,19265,19425,8606
2015.03.20,00:00,19425,19640,19365,19615,5175
2015.03.23,00:00,19585,19740,19585,19660,4505
2015.03.24,00:00,19660,19760,19595,19650,5668
2015.03.25,00:00,19655,19720,19455,19475,7570
2015.03.26,00:00,19475,19560,19070,19345,11748
2015.03.27,00:00,19345,19645,19130,19395,12579
2015.03.30,00:00,19390,19665,19275,19620,6513
2015.03.31,00:00,19620,19665,19225,19270,10037
2015.04.01,00:00,19265,19310,18980,19250,13055
2015.04.02,00:00,19245,19480,19160,19375,8727
2015.04.03,00:00,19375,19395,19330,19355,162
2015.04.06,00:00,19350,19645,19280,19600,5162
2015.04.07,00:00,19600,19885,19540,19805,6338
2015.04.08,00:00,19805,19940,19740,19900,8268
2015.04.09,00:00,19900,20115,19860,20080,6568
2015.04.10,00:00,20080,20090,19885,20065,6309
2015.04.13,00:00,20040,20055,19860,19885,6217
2015.04.14,00:00,19890,19990,19805,19935,6398
2015.04.15,00:00,19940,19955,19855,19895,6081
2015.04.16,00:00,19895,19930,19785,19835,6343
2015.04.17,00:00,19840,19855,19485,19560,9821
2015.04.20,00:00,19615,19755,19515,19710,5713
2015.04.21,00:00,19705,20095,19685,20025,6695
2015.04.22,00:00,20025,20270,19995,20260,7679
2015.04.23,00:00,20260,20285,20120,20170,7118
2015.04.24,00:00,20175,20175,20030,20075,6706
2015.04.27,00:00,20080,20175,19930,20055,6513
2015.04.28,00:00,20060,20165,19940,19995,6923
2015.04.29,00:00,20000,20010,19655,19815,6222
2015.04.30,00:00,19815,19860,19345,19425,11797
2015.05.01,00:00,19425,19765,19420,19725,4594
2015.05.04,00:00,19720,19810,19610,19760,3457
2015.05.05,00:00,19755,19805,19325,19380,5811
2015.05.06,00:00,19375,19460,19180,19340,7193
2015.05.07,00:00,19340,19470,19050,19375,9728
2015.05.08,00:00,19370,19715,19315,19680,7192
2015.05.11,00:00,19675,19705,19590,19605,5585
2015.05.12,00:00,19605,19685,19465,19540,8762
2015.05.13,00:00,19540,19860,19510,19650,7249
2015.05.14,00:00,19650,19735,19485,19680,6404
2015.05.15,00:00,19685,19875,19620,19800,6367
2015.05.18,00:00,19785,20045,19755,20025,4910
2015.05.19,00:00,20030,20210,19960,20170,5142
2015.05.20,00:00,20165,20310,20130,20300,6870
2015.05.21,00:00,20300,20340,20155,20250,5107
2015.05.22,00:00,20255,20395,20140,20365,4694
2015.05.25,00:00,20365,20480,20335,20430,1676
2015.05.26,00:00,20420,20580,20335,20455,6250
2015.05.27,00:00,20460,20675,20375,20640,6343
2015.05.28,00:00,20635,20670,20455,20585,7367
2015.05.29,00:00,20590,20645,20375,20445,7465
2015.06.01,00:00,20470,20635,20415,20590,7561
2015.06.02,00:00,20590,20620,20400,20420,8811
2015.06.03,00:00,20420,20610,20390,20580,7056
2015.06.04,00:00,20580,20580,20355,20430,8705
2015.06.05,00:00,20425,20615,20360,20575,9044
2015.06.08,00:00,20560,20560,20270,20280,7762
2015.06.09,00:00,20280,20330,19920,20080,8566
2015.06.10,00:00,20085,20310,20045,20145,7036
2015.06.11,00:00,20140,20580,20105,20465,7068
2015.06.12,00:00,20460,20490,20285,20360,7659
2015.06.15,00:00,20300,20430,20240,20380,6622
2015.06.16,00:00,20380,20405,20150,20320,6174
2015.06.17,00:00,20315,20345,20155,20205,6490
2015.06.18,00:00,20210,20250,19915,20160,8240
2015.06.19,00:00,20160,20260,20100,20150,5846
2015.06.22,00:00,20175,20625,20170,20570,5300
2015.06.23,00:00,20570,20930,20555,20915,5270
2015.06.24,00:00,20915,20980,20735,20780,6852
2015.06.25,00:00,20775,20890,20750,20765,6384
2015.06.26,00:00,20765,20925,20695,20880,6012
2015.06.29,00:00,20470,20485,20095,20110,13158
2015.06.30,00:00,20110,20425,20095,20270,12396
2015.07.01,00:00,20265,20655,20250,20595,7686
2015.07.02,00:00,20590,20635,20490,20535,6285
2015.07.03,00:00,20535,20605,20465,20495,4041
2015.07.06,00:00,20205,20410,20050,20335,11252
2015.07.07,00:00,20340,20500,20125,20460,10921
2015.07.08,00:00,20460,20470,19260,19350,19172
2015.07.09,00:00,19345,19945,19155,19695,17109
2015.07.10,00:00,19695,20180,19680,20145,12528
2015.07.13,00:00,20015,20435,19960,20420,9695
2015.07.14,00:00,20415,20565,20360,20545,5970
2015.07.15,00:00,20550,20660,20435,20580,6363
2015.07.16,00:00,20575,20735,20545,20705,5673
2015.07.17,00:00,20710,20765,20645,20740,4088
2015.07.20,00:00,20730,20840,20710,20805,2486
2015.07.21,00:00,20810,20875,20620,20655,4883
2015.07.22,00:00,20650,20695,20540,20655,6262
2015.07.23,00:00,20660,20710,20530,20605,5859
2015.07.24,00:00,20610,20645,20355,20390,6351
2015.07.27,00:00,20370,20505,20065,20170,9558
2015.07.28,00:00,20175,20440,20080,20355,9957
2015.07.29,00:00,20355,20535,20210,20455,7911
2015.07.30,00:00,20460,20590,20445,20555,7194
2015.07.31,00:00,20550,20615,20470,20585,7036
2015.08.03,00:00,20575,20585,20395,20505,7262
2015.08.04,00:00,20500,20565,20420,20535,6266
2015.08.05,00:00,20530,20830,20470,20760,6860
2015.08.06,00:00,20755,20810,20575,20645,6379
2015.08.07,00:00,20645,20750,20575,20640,8207
2015.08.10,00:00,20635,20910,20605,20900,5168
2015.08.11,00:00,20900,20935,20545,20635,10121
2015.08.12,00:00,20640,20695,20050,20370,14365
2015.08.13,00:00,20370,20665,20290,20580,10626
2015.08.14,00:00,20575,20615,20470,20585,6486
2015.08.17,00:00,20580,20675,20530,20655,5817
2015.08.18,00:00,20660,20675,20440,20470,6362
2015.08.19,00:00,20465,20520,20070,20080,9892
2015.08.20,00:00,20085,20240,19585,19605,12938
2015.08.21,00:00,19600,19695,18905,18945,24387
2015.08.24,00:00,18895,19090,17160,17805,52877
2015.08.25,00:00,17810,18850,17655,17735,58072
2015.08.26,00:00,17735,18790,17635,18695,47577
2015.08.27,00:00,18695,19070,18480,19020,28459
2015.08.28,00:00,19025,19200,18945,19165,21375
2015.08.31,00:00,19100,19110,18745,18800,18276
2015.09.01,00:00,18805,18820,17745,17770,34258
2015.09.02,00:00,17775,18475,17740,18300,34352
2015.09.03,00:00,18300,18480,18170,18215,21334
2015.09.04,00:00,18210,18305,17500,17630,29758
2015.09.07,00:00,17620,18015,17470,17840,17861
2015.09.08,00:00,17840,18335,17380,18000,20664
2015.09.09,00:00,17995,18725,17975,18190,17391
2015.09.10,00:00,18195,18395,17950,18225,28540
2015.09.11,00:00,18225,18340,18015,18200,17480
2015.09.14,00:00,18190,18385,17875,17975,16021
2015.09.15,00:00,17975,18330,17820,18250,17477
2015.09.16,00:00,18245,18490,18095,18470,13124
2015.09.17,00:00,18470,18660,18245,18280,14641
2015.09.18,00:00,18285,18350,17760,17855,20029
2015.09.21,00:00,17875,18105,17745,18045,10933
2015.09.22,00:00,18025,18095,17500,17625,12169
2015.09.23,00:00,17635,17820,17430,17690,11549
2015.09.24,00:00,17680,17795,17155,17500,21727
2015.09.25,00:00,17500,18105,17450,17860,23698
2015.09.28,00:00,17825,17930,17365,17450,19251
2015.09.29,00:00,17455,17485,16985,17280,23703
2015.09.30,00:00,17195,17625,17195,17560,17825
2015.10.01,00:00,17555,17935,17475,17710,20441
2015.10.02,00:00,17710,17960,17325,17960,21406
2015.10.05,00:00,17975,18510,17945,18425,13739
2015.10.06,00:00,18410,18445,18135,18240,14966
2015.10.07,00:00,18180,18535,18070,18415,19069
2015.10.08,00:00,18375,18480,18095,18355,16990
2015.10.09,00:00,18350,18520,18255,18395,12254
2015.10.12,00:00,18375,18490,18280,18420,5870
2015.10.13,00:00,18385,18420,18145,18160,9508
2015.10.14,00:00,18095,18190,17720,17790,14317
2015.10.15,00:00,17775,18310,17775,18265,13388
2015.10.16,00:00,18240,18460,18235,18425,9466
2015.10.19,00:00,18415,18425,18140,18310,9598
2015.10.20,00:00,18295,18335,18210,18250,7989
2015.10.21,00:00,18250,18665,18215,18515,10438
2015.10.22,00:00,18500,18935,18425,18930,10823
2015.10.23,00:00,18920,19245,18810,19165,11835
2015.10.26,00:00,19155,19185,18940,19040,8632
2015.10.27,00:00,19035,19065,18820,18890,9222
2015.10.28,00:00,18885,19225,18875,19185,10165
2015.10.29,00:00,19165,19205,18860,19010,10322
2015.10.30,00:00,19005,19255,18765,18890,13531
2015.11.02,00:00,18865,19050,18670,19010,8461
2015.11.03,00:00,18995,19145,18950,19055,4743
2015.11.04,00:00,19060,19210,18905,19065,10642
2015.11.05,00:00,19010,19370,19010,19255,10384
2015.11.06,00:00,19200,19525,19195,19495,11385
2015.11.09,00:00,19490,19710,19360,19455,11167
2015.11.10,00:00,19430,19790,19420,19685,11209
2015.11.11,00:00,19675,19800,19620,19685,8906
2015.11.12,00:00,19660,19745,19450,19475,10568
2015.11.13,00:00,19475,19645,19400,19415,12997
2015.11.16,00:00,19325,19720,19245,19680,12169
2015.11.17,00:00,19690,19900,19640,19810,9614
2015.11.18,00:00,19805,19980,19670,19945,9604
2015.11.19,00:00,19945,19980,19775,19845,9557
2015.11.20,00:00,19825,19965,19735,19935,7968
2015.11.23,00:00,19955,20045,19810,19860,5527
2015.11.24,00:00,19870,19990,19770,19900,9646
2015.11.25,00:00,19890,19950,19800,19910,6530
2015.11.26,00:00,19910,20020,19910,20005,3742
2015.11.27,00:00,20010,20025,19800,19875,6448
2015.11.30,00:00,19885,19890,19715,19790,7324
2015.12.01,00:00,19770,20030,19765,19990,7121
2015.12.02,00:00,19995,20005,19790,19850,6674
2015.12.03,00:00,19840,19975,19425,19545,12404
2015.12.04,00:00,19540,19745,19390,19730,12062
2015.12.07,00:00,19695,19815,19620,19735,9180
2015.12.08,00:00,19725,19765,19240,19385,12415
2015.12.09,00:00,19370,19470,18915,19000,13868
2015.12.10,00:00,19020,19195,19015,19110,12330
2015.12.11,00:00,19095,19315,18645,18730,16309
2015.12.14,00:00,18780,19010,18565,18865,19015
2015.12.15,00:00,18810,19000,18560,18905,12854
2015.12.16,00:00,18880,19430,18880,19360,13634
2015.12.17,00:00,19375,19570,19260,19265,12304
2015.12.18,00:00,19270,19920,18805,18835,22089
2015.12.21,00:00,18870,19000,18660,18935,13336
2015.12.22,00:00,18920,18955,18720,18935,10985
2015.12.23,00:00,18900,19130,18865,19090,6220
2015.12.24,00:00,19090,19125,18750,18840,5139
2015.12.28,00:00,18840,18980,18800,18900,7103
2015.12.29,00:00,18910,19185,18810,19145,5152
2015.12.30,00:00,19135,19140,18925,18935,5368
2015.12.31,00:00,18920,18950,18755,18765,4809
2016.01.04,00:00,18835,18975,18120,18335,18459
2016.01.05,00:00,18310,18575,18170,18420,16011
2016.01.06,00:00,18430,18485,17920,18060,19322
2016.01.07,00:00,18030,18185,17495,17595,24853
2016.01.08,00:00,17595,17995,17260,17265,27019
2016.01.11,00:00,17180,17575,17135,17375,19181
2016.01.12,00:00,17390,17565,17115,17400,24282
2016.01.13,00:00,17420,17755,17195,17245,20516
2016.01.14,00:00,17205,17600,16945,17490,26966
2016.01.15,00:00,17465,17615,16590,16755,30307
2016.01.18,00:00,16740,17040,16660,16855,20206
2016.01.19,00:00,16870,17295,16770,17020,24368
2016.01.20,00:00,17015,17080,15955,16380,34723
2016.01.21,00:00,16385,16795,15810,16455,41248
2016.01.22,00:00,16480,17290,16455,17260,27775
2016.01.25,00:00,17280,17280,16815,16865,23730
2016.01.26,00:00,16835,17120,16560,17015,21009
2016.01.27,00:00,17000,17420,16965,17105,25691
2016.01.28,00:00,17130,17285,16955,17115,26385
2016.01.29,00:00,17055,17895,16775,17875,33713
2016.02.01,00:00,17900,17925,17620,17755,20610
2016.02.02,00:00,17725,17885,17375,17465,20118
2016.02.03,00:00,17410,17480,16635,16960,31694
2016.02.04,00:00,16980,17220,16715,16800,30921
2016.02.05,00:00,16805,16900,16495,16545,27047
2016.02.08,00:00,16560,17095,16215,16465,25368
2016.02.09,00:00,16400,16430,15840,16130,34382
2016.02.10,00:00,16120,16230,15445,15565,36422
2016.02.11,00:00,15570,15630,15040,15195,31426
2016.02.12,00:00,15150,15515,14810,15510,36498
2016.02.15,00:00,15595,16170,15510,15945,18966
2016.02.16,00:00,15940,16345,15750,15905,25935
2016.02.17,00:00,15945,16220,15630,16145,23470
2016.02.18,00:00,16165,16340,15930,15985,20384
2016.02.19,00:00,15975,16045,15750,15815,20913
2016.02.22,00:00,15785,16285,15775,16170,15074
2016.02.23,00:00,16155,16340,15820,15830,20557
2016.02.24,00:00,15815,16065,15530,15965,21829
2016.02.25,00:00,15980,16285,15905,16265,21787
2016.02.26,00:00,16235,16535,16195,16330,18746
2016.02.29,00:00,16305,16460,15900,15985,20552
2016.03.01,00:00,15965,16595,15850,16540,16480
2016.03.02,00:00,16540,16830,16475,16685,17644
2016.03.03,00:00,16670,16990,16650,16870,15575
2016.03.04,00:00,16885,17175,16860,17075,16142
2016.03.07,00:00,17050,17075,16765,16880,12927
2016.03.08,00:00,16865,16900,16565,16645,17454
2016.03.09,00:00,16650,16780,16470,16735,12690
2016.03.10,00:00,16770,17120,16405,16640,21260
2016.03.11,00:00,16645,17150,16500,17150,16818
2016.03.14,00:00,17140,17260,17095,17200,10296
2016.03.15,00:00,17185,17235,16825,16935,12883
2016.03.16,00:00,16955,17050,16825,16885,12869
2016.03.17,00:00,16855,17185,16505,16825,17645
2016.03.18,00:00,16830,16865,16505,16715,14421
2016.03.21,00:00,16685,16830,16570,16815,8142
2016.03.22,00:00,16800,17040,16720,16970,14432
2016.03.23,00:00,16975,17055,16800,16830,11202
2016.03.24,00:00,16835,16965,16640,16820,10868
2016.03.28,00:00,16945,17090,16880,17040,6492
2016.03.29,00:00,17030,17175,16975,17095,11768
2016.03.30,00:00,17100,17150,16900,17025,10447
2016.03.31,00:00,17020,17080,16765,16820,11393
2016.04.01,00:00,16810,16850,16135,16205,17679
2016.04.04,00:00,16200,16275,16065,16130,12772
2016.04.05,00:00,16105,16125,15585,15695,16114
2016.04.06,00:00,15650,15860,15600,15795,13270
2016.04.07,00:00,15785,15905,15370,15465,16574
2016.04.08,00:00,15465,16065,15450,15805,16683
2016.04.11,00:00,15785,15940,15560,15725,16001
2016.04.12,00:00,15715,16175,15700,16105,12977
2016.04.13,00:00,16100,16705,16100,16650,10717
2016.04.14,00:00,16655,16960,16650,16835,11926
2016.04.15,00:00,16825,16965,16635,16665,10550
2016.04.18,00:00,16500,16720,16285,16685,13191
2016.04.19,00:00,16675,17185,16670,17070,10877
2016.04.20,00:00,17060,17360,16890,17270,12256
2016.04.21,00:00,17260,17455,17215,17240,13624
2016.04.22,00:00,17245,17815,17180,17790,15970
2016.04.25,00:00,17795,17800,17375,17505,13362
2016.04.26,00:00,17505,17560,17245,17505,12246
2016.04.27,00:00,17500,17555,17275,17480,12253
2016.04.28,00:00,17490,17625,16165,16375,23035
2016.04.29,00:00,16340,16390,15885,15925,13138
2016.05.02,00:00,15955,16225,15925,16170,13392
2016.05.03,00:00,16165,16185,15860,16000,10196
2016.05.04,00:00,16035,16120,15855,15935,9920
2016.05.05,00:00,15920,16160,15920,16080,8591
2016.05.06,00:00,16060,16295,15875,16135,14420
2016.05.09,00:00,16145,16445,16145,16285,13541
2016.05.10,00:00,16295,16820,16215,16795,12034
2016.05.11,00:00,16800,16835,16435,16440,12185
2016.05.12,00:00,16430,16805,16380,16650,14102
2016.05.13,00:00,16645,16810,16325,16405,18242
2016.05.16,00:00,16340,16690,16320,16615,10572
2016.05.17,00:00,16610,16795,16520,16585,13270
2016.05.18,00:00,16580,16805,16520,16735,16435
2016.05.19,00:00,16700,16850,16490,16610,14242
2016.05.20,00:00,16590,16820,16555,16740,10940
2016.05.23,00:00,16735,16735,16420,16520,11950
2016.05.24,00:00,16515,16810,16475,16765,8960
2016.05.25,00:00,16755,17000,16735,16935,9211
2016.05.26,00:00,16955,16970,16745,16895,9631
2016.05.27,00:00,16890,16935,16770,16920,7190
2016.05.30,00:00,16985,17105,16910,17070,5026
2016.05.31,00:00,17040,17260,16990,17085,9017
2016.06.01,00:00,17065,17155,16745,16835,12651
2016.06.02,00:00,16825,16865,16445,16620,13392
2016.06.03,00:00,16625,16705,16255,16325,14557
2016.06.06,00:00,16335,16680,16300,16650,9971
2016.06.07,00:00,16650,16835,16525,16725,8921
2016.06.08,00:00,16710,16885,16570,16840,7256
2016.06.09,00:00,16840,16840,16535,16670,10235
2016.06.10,00:00,16645,16735,16265,16375,9455
2016.06.13,00:00,16335,16350,15960,15975,15499
2016.06.14,00:00,15970,16115,15720,15820,15177
2016.06.15,00:00,15830,16065,15780,15955,14296
2016.06.16,00:00,15940,15980,15315,15625,20208
2016.06.17,00:00,15630,15815,15500,15635,15812
2016.06.20,00:00,15815,16130,15805,15970,12666
2016.06.21,00:00,15950,16330,15805,16195,13485
2016.06.22,00:00,16175,16220,16015,16015,11604
2016.06.23,00:00,15995,16605,15995,16590,16592
2016.06.24,00:00,16665,16705,14975,15230,52664
2016.06.27,00:00,15110,15470,15080,15235,25627
2016.06.28,00:00,15225,15635,15050,15625,19150
2016.06.29,00:00,15595,15880,15435,15875,13713
2016.06.30,00:00,15845,15860,15520,15775,15264
2016.07.01,00:00,15765,15805,15600,15650,11688
2016.07.04,00:00,15645,15860,15565,15760,6551
2016.07.05,00:00,15730,15750,15425,15500,10537
2016.07.06,00:00,15485,15525,15160,15420,17529
2016.07.07,00:00,15425,15465,15280,15345,12988
2016.07.08,00:00,15355,15450,15150,15440,13687
2016.07.11,00:00,15455,16205,15450,16165,12565
2016.07.12,00:00,16140,16630,16070,16565,13764
2016.07.13,00:00,16550,16605,16255,16405,15966
2016.07.14,00:00,16410,16695,16280,16615,16384
2016.07.15,00:00,16610,16675,16450,16455,14305
2016.07.18,00:00,16610,16770,16550,16675,8731
2016.07.19,00:00,16685,16785,16560,16675,11106
2016.07.20,00:00,16670,16925,16600,16890,8456
2016.07.21,00:00,16915,16980,16525,16620,13801
2016.07.22,00:00,16645,16745,16600,16680,10445
2016.07.25,00:00,16675,16810,16570,16620,7909
2016.07.26,00:00,16600,16630,16285,16480,11566
2016.07.27,00:00,16515,16880,16485,16675,14761
2016.07.28,00:00,16695,16705,16425,16630,11128
2016.07.29,00:00,16605,16775,16075,16355,21903
2016.08.01,00:00,16415,16685,16340,16470,10841
2016.08.02,00:00,16450,16550,16010,16135,11461
2016.08.03,00:00,16065,16280,15970,16090,11625
2016.08.04,00:00,16110,16270,15915,16250,9908
2016.08.05,00:00,16245,16495,16195,16430,8490
2016.08.08,00:00,16465,16735,16465,16635,5420
2016.08.09,00:00,16640,16770,16615,16680,5123
2016.08.10,00:00,16675,16815,16645,16675,6214
2016.08.11,00:00,16665,16920,16600,16890,3598
2016.08.12,00:00,16855,16940,16780,16830,7031
2016.08.15,00:00,16840,16935,16815,16865,4709
2016.08.16,00:00,16855,16890,16520,16600,7998
2016.08.17,00:00,16585,16755,16550,16665,7004
2016.08.18,00:00,16640,16730,16470,16540,7712
2016.08.19,00:00,16545,16605,16410,16500,7415
2016.08.22,00:00,16550,16625,16485,16525,8235
2016.08.23,00:00,16470,16645,16440,16555,6965
2016.08.24,00:00,16545,16630,16505,16550,5930
2016.08.25,00:00,16545,16650,16475,16510,5977
2016.08.26,00:00,16515,16595,16330,16585,9628
2016.08.29,00:00,16580,16775,16575,16690,5033
2016.08.30,00:00,16680,16880,16675,16855,4627
2016.08.31,00:00,16835,16920,16810,16885,5760
2016.09.01,00:00,16885,17065,16845,16950,6867
2016.09.02,00:00,16955,17165,16850,17120,8620
2016.09.05,00:00,17135,17160,17005,17025,4854
2016.09.06,00:00,17035,17095,16895,16910,6016
2016.09.07,00:00,16920,16970,16875,16915,4746
2016.09.08,00:00,16935,16955,16780,16950,6924
2016.09.09,00:00,16945,16980,16720,16735,8234
2016.09.12,00:00,16730,16745,16470,16725,11305
2016.09.13,00:00,16740,16795,16470,16610,11735
2016.09.14,00:00,16615,16665,16390,16420,10305
2016.09.15,00:00,16390,16480,16300,16455,9622
2016.09.16,00:00,16460,16470,16300,16330,8382
2016.09.19,00:00,16325,16420,16285,16330,4770
2016.09.20,00:00,16320,16535,16320,16415,7060
2016.09.21,00:00,16405,16795,16305,16540,14530
2016.09.22,00:00,16535,16875,16505,16815,5003
2016.09.23,00:00,16955,16955,16590,16625,6455
2016.09.26,00:00,16615,16645,16295,16350,6634
2016.09.27,00:00,16320,16600,16200,16520,10320
2016.09.28,00:00,16535,16590,16405,16580,8357
2016.09.29,00:00,16575,16785,16490,16565,10172
2016.09.30,00:00,16560,16630,16350,16580,10969
2016.10.03,00:00,16585,16675,16560,16635,5510
2016.10.04,00:00,16640,16890,16590,16790,9294
2016.10.05,00:00,16775,17005,16740,16975,6973
2016.10.06,00:00,16965,16995,16860,16970,6391
2016.10.07,00:00,16950,16970,16765,16815,10612
2016.10.10,00:00,16875,17025,16790,16985,3483
2016.10.11,00:00,16975,17095,16850,16915,8197
2016.10.12,00:00,16910,17015,16855,16975,7422
2016.10.13,00:00,16980,17000,16675,16815,10634
2016.10.14,00:00,16795,16995,16750,16910,8217
2016.10.17,00:00,16900,16970,16845,16865,5960
2016.10.18,00:00,16870,17035,16855,16965,4679
2016.10.19,00:00,16955,17035,16950,17005,4175
2016.10.20,00:00,17000,17315,16985,17300,5755
2016.10.21,00:00,17310,17325,17150,17255,4724
2016.10.24,00:00,17270,17390,17190,17375,3880
2016.10.25,00:00,17385,17455,17330,17365,3640
2016.10.26,00:00,17350,17410,17285,17385,5091
2016.10.27,00:00,17380,17510,17300,17485,6391
2016.10.28,00:00,17475,17510,17360,17410,8519
2016.10.31,00:00,17375,17475,17345,17410,5454
2016.11.01,00:00,17455,17500,17170,17255,6855
2016.11.02,00:00,17230,17300,16975,17030,9293
2016.11.03,00:00,17030,17145,16935,16985,6872
2016.11.04,00:00,16960,17025,16825,16915,8396
2016.11.07,00:00,17125,17335,17090,17310,5644
2016.11.08,00:00,17320,17400,17130,17345,6552
2016.11.09,00:00,17340,17460,16135,17230,40954
2016.11.10,00:00,17220,17580,17140,17510,19522
2016.11.11,00:00,17515,17635,17285,17455,14733
2016.11.14,00:00,17455,17750,17450,17710,12345
2016.11.15,00:00,17685,17925,17620,17900,9012
2016.11.16,00:00,17890,17960,17790,17795,8342
2016.11.17,00:00,17800,18125,17760,18105,8585
2016.11.18,00:00,18115,18135,17930,18030,8348
2016.11.21,00:00,18055,18180,18000,18050,7463
2016.11.22,00:00,18065,18255,18065,18210,6166
2016.11.23,00:00,18215,18455,18160,18425,5114
2016.11.24,00:00,18385,18475,18325,18435,4832
2016.11.25,00:00,18435,18495,18280,18395,6925
2016.11.28,00:00,18275,18380,18220,18270,8130
2016.11.29,00:00,18265,18455,18240,18360,7441
2016.11.30,00:00,18340,18665,18290,18605,8955
2016.12.01,00:00,18595,18750,18395,18460,10101
2016.12.02,00:00,18455,18470,18255,18360,8742
2016.12.05,00:00,18255,18565,18230,18415,9688
2016.12.06,00:00,18410,18490,18315,18455,6887
2016.12.07,00:00,18450,18695,18410,18675,4283
2016.12.08,00:00,18670,18940,18635,18875,9225
2016.12.09,00:00,18880,19255,18835,19235,7695
2016.12.12,00:00,19280,19330,19080,19140,8923
2016.12.13,00:00,19130,19370,19070,19320,7126
2016.12.14,00:00,19315,19480,19185,19385,8900
2016.12.15,00:00,19380,19565,19185,19500,13043
2016.12.16,00:00,19485,19510,19300,19350,8014
2016.12.19,00:00,19330,19480,19325,19430,6595
2016.12.20,00:00,19435,19680,19385,19595,5946
2016.12.21,00:00,19595,19615,19395,19450,5743
2016.12.22,00:00,19450,19470,19340,19445,4957
2016.12.23,00:00,19435,19500,19410,19460,1711
2016.12.27,00:00,19385,19505,19380,19450,3261
2016.12.28,00:00,19455,19530,19360,19385,4041
2016.12.29,00:00,19385,19385,18990,19085,5886
2016.12.30,00:00,19065,19230,19030,19085,6794
2017.01.03,00:00,19170,19480,19160,19365,5630
2017.01.04,00:00,19360,19720,19315,19670,6809
2017.01.05,00:00,19660,19700,19420,19460,9552
2017.01.06,00:00,19475,19670,19365,19635,7709
2017.01.09,00:00,19645,19740,19450,19455,5106
2017.01.10,00:00,19460,19520,19285,19375,7891
2017.01.11,00:00,19385,19555,19165,19395,11150
2017.01.12,00:00,19400,19400,18995,19225,11181
2017.01.13,00:00,19220,19420,19190,19310,7491
2017.01.16,00:00,19285,19290,19075,19090,5451
2017.01.17,00:00,19095,19140,18710,18785,11649
2017.01.18,00:00,18790,19070,18685,19030,9112
2017.01.19,00:00,18985,19220,18985,19090,10106
2017.01.20,00:00,19050,19315,19050,19180,12053
2017.01.23,00:00,19150,19150,18830,18860,10344
2017.01.24,00:00,18840,19115,18810,19090,7507
2017.01.25,00:00,19085,19320,19015,19240,7131
2017.01.26,00:00,19255,19595,19240,19535,7310
2017.01.27,00:00,19535,19585,19430,19495,7478
2017.01.30,00:00,19450,19455,19090,19200,7505
2017.01.31,00:00,19195,19215,18845,19010,11897
2017.02.01,00:00,19005,19315,18940,19195,9983
2017.02.02,00:00,19200,19210,18880,19085,10042
2017.02.03,00:00,19080,19130,18840,19095,10564
2017.02.06,00:00,19105,19125,18820,18880,7933
2017.02.07,00:00,18840,18995,18820,18955,7147
2017.02.08,00:00,18960,19070,18885,18945,7381
2017.02.09,00:00,18940,19230,18890,19175,7408
2017.02.10,00:00,19165,19475,19165,19380,8640
2017.02.13,00:00,19440,19550,19425,19540,6214
2017.02.14,00:00,19545,19545,19245,19485,8660
2017.02.15,00:00,19495,19510,19360,19470,6620
2017.02.16,00:00,19460,19540,19185,19295,7670
2017.02.17,00:00,19280,19295,19040,19170,6836
2017.02.20,00:00,19175,19285,19120,19275,3362
2017.02.21,00:00,19270,19485,19260,19460,5088
2017.02.22,00:00,19455,19470,19285,19385,6839
2017.02.23,00:00,19375,19395,19230,19280,5907
2017.02.24,00:00,19285,19395,19090,19160,6795
2017.02.27,00:00,19180,19230,19005,19190,7285
2017.02.28,00:00,19195,19275,19030,19215,6316
2017.03.01,00:00,19195,19630,19175,19590,9604
2017.03.02,00:00,19595,19685,19545,19560,6200
2017.03.03,00:00,19560,19595,19400,19480,7540
2017.03.06,00:00,19475,19485,19305,19350,5742
2017.03.07,00:00,19355,19390,19310,19335,4125
2017.03.08,00:00,19320,19365,19165,19245,4431
2017.03.09,00:00,19240,19385,19210,19365,6804
2017.03.10,00:00,19370,19595,19370,19505,7166
2017.03.13,00:00,19525,19615,19470,19615,4742
2017.03.14,00:00,19645,19650,19460,19475,5099
2017.03.15,00:00,19495,19535,19410,19445,5531
2017.03.16,00:00,19440,19560,19370,19415,5887
2017.03.17,00:00,19395,19475,19325,19365,4230
2017.03.20,00:00,19360,19455,19280,19335,2867
2017.03.21,00:00,19315,19410,19015,19055,7837
2017.03.22,00:00,19035,19095,18830,18965,10410
2017.03.23,00:00,18980,19055,18875,18975,10063
2017.03.24,00:00,18970,19225,18955,19175,9180
2017.03.27,00:00,19085,19095,18800,19055,8484
2017.03.28,00:00,19065,19275,19000,19255,6689
2017.03.29,00:00,19230,19310,19160,19210,6255
2017.03.30,00:00,19205,19275,19075,19270,6158
2017.03.31,00:00,19280,19280,18940,19000,6096
2017.04.03,00:00,19020,19120,18950,19025,6940
2017.04.04,00:00,19010,19045,18750,18975,7908
2017.04.05,00:00,18980,19075,18820,18825,7784
2017.04.06,00:00,18800,18835,18580,18805,9402
2017.04.07,00:00,18800,18895,18555,18820,13713
2017.04.10,00:00,18825,18900,18740,18785,6416
2017.04.11,00:00,18770,18810,18595,18675,8202
2017.04.12,00:00,18685,18690,18490,18495,9196
2017.04.13,00:00,18485,18510,18350,18390,8262
2017.04.17,00:00,18360,18525,18250,18505,5180
2017.04.18,00:00,18505,18585,18310,18340,7787
2017.04.19,00:00,18315,18550,18315,18410,6152
2017.04.20,00:00,18415,18650,18410,18620,7166
2017.04.21,00:00,18570,18700,18570,18645,6829
2017.04.24,00:00,19035,19055,18870,18930,8228
2017.04.25,00:00,18915,19260,18875,19200,6151
2017.04.26,00:00,19180,19345,19175,19200,7916
2017.04.27,00:00,19205,19320,19200,19250,6361
2017.04.28,00:00,19245,19280,19175,19230,5938
2017.05.01,00:00,19215,19380,19175,19370,3539
2017.05.02,00:00,19385,19520,19340,19450,4837
2017.05.03,00:00,19445,19645,19400,19595,3405
2017.05.04,00:00,19585,19685,19515,19600,4734
2017.05.05,00:00,19610,19745,19465,19740,4752
2017.05.08,00:00,19770,19935,19720,19915,6192
2017.05.09,00:00,19915,20035,19850,19935,4658
2017.05.10,00:00,19930,19975,19870,19955,5821
2017.05.11,00:00,19940,20000,19800,19875,5543
2017.05.12,00:00,19865,19945,19790,19805,5412
2017.05.15,00:00,19795,19965,19755,19955,4435
2017.05.16,00:00,19920,19995,19810,19835,5512
2017.05.17,00:00,19820,19840,19435,19440,10208
2017.05.18,00:00,19395,19655,19285,19595,15007
2017.05.19,00:00,19605,19745,19495,19685,8094
2017.05.22,00:00,19710,19720,19615,19705,5476
2017.05.23,00:00,19700,19780,19580,19765,6474
2017.05.24,00:00,19775,19790,19685,19720,5222
2017.05.25,00:00,19705,19855,19705,19810,5428
2017.05.26,00:00,19800,19810,19590,19720,4738
2017.05.29,00:00,19725,19735,19620,19680,2171
2017.05.30,00:00,19675,19710,19565,19630,4764
2017.05.31,00:00,19630,19710,19585,19675,4864
2017.06.01,00:00,19680,19940,19660,19935,5203
2017.06.02,00:00,19930,20240,19920,20150,6825
2017.06.05,00:00,20140,20220,20085,20130,3663
2017.06.06,00:00,20135,20150,19885,19930,5809
2017.06.07,00:00,19910,20035,19905,20005,4473
2017.06.08,00:00,20005,20085,19905,20045,6614
2017.06.09,00:00,19995,20110,19865,19960,7997
2017.06.12,00:00,19950,19960,19790,19860,7312
2017.06.13,00:00,19850,19995,19845,19985,5707
2017.06.14,00:00,19965,20015,19755,19865,7838
2017.06.15,00:00,19870,19970,19745,19920,9153
2017.06.16,00:00,19910,20010,19890,19965,5266
2017.06.19,00:00,19975,20180,19945,20150,3930
2017.06.20,00:00,20160,20320,20160,20190,4501
2017.06.21,00:00,20185,20210,20075,20130,5497
2017.06.22,00:00,20130,20195,20075,20145,4565
2017.06.23,00:00,20135,20160,20075,20110,3660
2017.06.26,00:00,20060,20235,20050,20225,3554
2017.06.27,00:00,20215,20245,20130,20175,4886
2017.06.28,00:00,20165,20250,20065,20245,5970
2017.06.29,00:00,20265,20305,19885,20010,6863
2017.06.30,00:00,20025,20125,19960,20115,6899
2017.07.03,00:00,20080,20225,20050,20175,3721
2017.07.04,00:00,20165,20220,19985,20085,3352
2017.07.05,00:00,20050,20165,19910,20100,5910
2017.07.06,00:00,20095,20110,19890,19905,5577
2017.07.07,00:00,19905,20080,19865,20055,5573
2017.07.10,00:00,20070,20150,20045,20070,3219
2017.07.11,00:00,20075,20210,20070,20165,4001
2017.07.12,00:00,20155,20190,20070,20160,4312
2017.07.13,00:00,20170,20195,20070,20140,3659
2017.07.14,00:00,20135,20165,20040,20055,3706
2017.07.17,00:00,20065,20140,19995,20075,1545
2017.07.18,00:00,20065,20100,19915,19995,4120
2017.07.19,00:00,19995,20055,19960,20050,3025
2017.07.20,00:00,20055,20160,20030,20085,3992
2017.07.21,00:00,20090,20130,19965,19985,3696
2017.07.24,00:00,19995,20000,19875,19965,3512
2017.07.25,00:00,19960,20100,19935,20080,3655
2017.07.26,00:00,20075,20120,20005,20015,3383
2017.07.27,00:00,20020,20175,19965,20040,5197
2017.07.28,00:00,20070,20070,19925,19970,4356
2017.07.31,00:00,19965,19995,19910,19920,3422
2017.08.01,00:00,19905,20050,19905,20045,3604
2017.08.02,00:00,20065,20105,20010,20050,3703
2017.08.03,00:00,20055,20060,19955,19970,3085
2017.08.04,00:00,19945,20060,19935,20040,2707
2017.08.07,00:00,20065,20090,20025,20050,1601
2017.08.08,00:00,20055,20060,19935,19940,2363
2017.08.09,00:00,19935,19935,19650,19780,5195
2017.08.10,00:00,19770,19820,19360,19375,6076
2017.08.11,00:00,19365,19495,19300,19415,4068
2017.08.14,00:00,19460,19610,19435,19595,4172
2017.08.15,00:00,19575,19825,19575,19725,4454
2017.08.16,00:00,19720,19800,19685,19710,3870
2017.08.17,00:00,19700,19725,19460,19485,5889
2017.08.18,00:00,19455,19545,19320,19450,7764
2017.08.21,00:00,19490,19540,19260,19340,5768
2017.08.22,00:00,19355,19495,19335,19490,3920
2017.08.23,00:00,19445,19550,19345,19345,4630
2017.08.24,00:00,19355,19435,19310,19410,4119
2017.08.25,00:00,19420,19535,19370,19445,4590
2017.08.28,00:00,19440,19520,19395,19465,3372
2017.08.29,00:00,19250,19500,19055,19460,7855
2017.08.30,00:00,19465,19585,19435,19550,4254
2017.08.31,00:00,19555,19735,19555,19685,4640
2017.09.01,00:00,19665,19740,19620,19695,4226
2017.09.04,00:00,19510,19620,19425,19505,3791
2017.09.05,00:00,19505,19585,19265,19365,6580
2017.09.06,00:00,19345,19400,19200,19365,4908
2017.09.07,00:00,19350,19395,19260,19320,5342
2017.09.08,00:00,19320,19325,19135,19215,5281
2017.09.11,00:00,19310,19605,19310,19590,3712
2017.09.12,00:00,19590,19805,19560,19795,3666
2017.09.13,00:00,19800,19810,19705,19770,3096
2017.09.14,00:00,19770,19810,19690,19765,4111
2017.09.15,00:00,19760,19930,19660,19880,4579
2017.09.18,00:00,19915,20025,19905,20020,1569
2017.09.19,00:00,20015,20205,19995,20180,4263
2017.09.20,00:00,20165,20310,20150,20295,4369
2017.09.21,00:00,20280,20390,20210,20275,4805
2017.09.22,00:00,20265,20315,20155,20215,4749
2017.09.25,00:00,20240,20340,20135,20230,5070
2017.09.26,00:00,20225,20290,20175,20260,4530
2017.09.27,00:00,20240,20455,20240,20425,4158
2017.09.28,00:00,20415,20435,20320,20335,5140
2017.09.29,00:00,20330,20400,20305,20390,3855
2017.10.02,00:00,20420,20510,20385,20505,2825
2017.10.03,00:00,20520,20700,20470,20690,2746
2017.10.04,00:00,20700,20715,20620,20685,3156
2017.10.05,00:00,20680,20735,20630,20720,2950
2017.10.06,00:00,20730,20790,20670,20685,2925
2017.10.09,00:00,20680,20775,20660,20710,951
2017.10.10,00:00,20650,20870,20650,20850,3761
2017.10.11,00:00,20800,21000,20800,20980,3354
2017.10.12,00:00,20940,21065,20940,20995,2778
2017.10.13,00:00,20985,21295,20965,21255,4072
2017.10.16,00:00,21270,21385,21225,21360,3320
2017.10.17,00:00,21355,21425,21265,21395,3578
2017.10.18,00:00,21385,21470,21350,21460,2826
2017.10.19,00:00,21465,21535,21235,21360,5502
2017.10.20,00:00,21350,21590,21335,21585,3843
2017.10.23,00:00,21685,21865,21645,21675,4931
2017.10.24,00:00,21635,21950,21635,21920,4532
2017.10.25,00:00,21935,21950,21615,21745,6689
2017.10.26,00:00,21740,21890,21715,21880,5524
2017.10.27,00:00,21930,22140,21840,22055,5859
2017.10.30,00:00,22105,22120,21860,21910,4138
2017.10.31,00:00,21900,22235,21855,22215,4213
2017.11.01,00:00,22220,22615,22180,22535,6471
2017.11.02,00:00,22530,22600,22390,22580,6541
2017.11.03,00:00,22585,22655,22515,22595,2775
2017.11.06,00:00,22655,22655,22450,22590,4672
2017.11.07,00:00,22585,23010,22540,22860,6668
2017.11.08,00:00,22855,22990,22770,22960,5790
2017.11.09,00:00,22965,23440,22330,22665,17806
2017.11.10,00:00,22645,22735,22345,22480,11256
2017.11.13,00:00,22515,22635,22120,22355,8765
2017.11.14,00:00,22365,22550,22265,22300,9143
2017.11.15,00:00,22330,22330,21840,22085,13879
2017.11.16,00:00,22070,22620,21990,22580,9298
2017.11.17,00:00,22585,22770,22280,22305,11814
2017.11.20,00:00,22345,22505,22175,22455,9247
2017.11.21,00:00,22450,22670,22410,22665,7540
2017.11.22,00:00,22655,22690,22355,22395,7732
2017.11.23,00:00,22380,22490,22320,22425,3039
2017.11.24,00:00,22445,22660,22390,22655,5606
2017.11.27,00:00,22690,22705,22425,22500,7750
2017.11.28,00:00,22480,22650,22375,22630,8392
2017.11.29,00:00,22605,22800,22520,22655,8965
2017.11.30,00:00,22670,22965,22515,22875,9862
2017.12.01,00:00,22895,22995,22375,22640,17275
2017.12.04,00:00,22895,22895,22475,22500,10194
2017.12.05,00:00,22515,22680,22445,22475,9016
2017.12.06,00:00,22485,22530,22070,22270,10553
2017.12.07,00:00,22260,22665,22245,22650,8349
2017.12.08,00:00,22635,22910,22570,22875,7170
2017.12.11,00:00,22935,22960,22800,22960,5093
2017.12.12,00:00,22945,23010,22830,22920,5116
2017.12.13,00:00,22920,22935,22685,22705,7950
2017.12.14,00:00,22725,22795,22550,22590,6724
2017.12.15,00:00,22600,22760,22480,22680,7188
2017.12.18,00:00,22740,23020,22730,23005,5883
2017.12.19,00:00,23010,23030,22800,22820,5232
2017.12.20,00:00,22805,22940,22805,22840,5136
2017.12.21,00:00,22830,22945,22730,22825,4670
2017.12.22,00:00,22800,22915,22800,22905,3428
2017.12.26,00:00,22905,22945,22875,22915,2264
2017.12.27,00:00,22865,22990,22865,22960,2982
2017.12.28,00:00,22950,22980,22755,22810,3347
2017.12.29,00:00,22780,22910,22760,22780,3525
2018.01.02,00:00,22795,22930,22650,22805,3983
2018.01.03,00:00,22810,23240,22795,23185,3482
2018.01.04,00:00,23200,23700,23110,23665,5890
2018.01.05,00:00,23675,23850,23545,23830,5759
2018.01.08,00:00,23855,23990,23825,23950,3599
2018.01.09,00:00,23920,24025,23790,23830,6193
2018.01.10,00:00,23815,23875,23575,23625,8423
2018.01.11,00:00,23635,23820,23620,23765,7079
2018.01.12,00:00,23795,23850,23595,23820,7789
2018.01.15,00:00,23855,23870,23690,23715,4943
2018.01.16,00:00,23745,24010,23660,23740,9558
2018.01.17,00:00,23775,24140,23695,24065,8723
2018.01.18,00:00,24085,24140,23705,23820,11085
2018.01.19,00:00,23775,23910,23735,23860,8689
2018.01.22,00:00,23810,23975,23695,23965,6035
2018.01.23,00:00,23960,24195,23925,24015,9559
2018.01.24,00:00,24000,24075,23610,23755,11634
2018.01.25,00:00,23750,23830,23465,23650,13342
2018.01.26,00:00,23680,23795,23550,23745,11719
2018.01.29,00:00,23765,23790,23485,23550,9939
2018.01.30,00:00,23540,23605,23105,23200,15095
2018.01.31,00:00,23200,23375,23085,23260,14598
2018.02.01,00:00,23285,23500,23230,23335,14138
2018.02.02,00:00,23375,23385,22970,22975,16781
2018.02.05,00:00,22905,22905,21330,21605,24793
2018.02.06,00:00,21575,22295,21055,22235,56720
2018.02.07,00:00,22185,22355,21465,21735,33888
2018.02.08,00:00,21765,22005,21090,21165,38038
2018.02.09,00:00,21100,21570,20550,21225,43276
2018.02.12,00:00,21290,21720,21265,21655,23586
2018.02.13,00:00,21640,21715,20915,21205,25758
